probability,prediction,label
1.0,1,1
0.99988663,1,1
0.9915496,1,1
1.0,1,1
0.98580706,1,1
0.9992894,1,1
0.9942549,1,1
1.0,1,1
0.9995596,1,1
0.884055,1,1
1.0,1,1
1.0,1,1
0.99999964,1,1
0.99818254,1,1
0.99899846,1,1
0.99985456,1,1
0.7683697,1,1
0.9999,1,1
1.0,1,1
0.96658236,1,1
0.9906735,1,1
0.9871163,1,1
0.9989962,1,1
0.9983724,1,1
0.99999976,1,1
0.9084791,1,1
0.999905,1,1
0.9944594,1,1
0.99235123,1,1
0.9999795,1,1
0.9367503,1,1
0.9720171,1,1
0.9898846,1,1
0.99999046,1,1
1.0,1,1
0.99518085,1,1
0.959177,1,1
0.98534167,1,1
0.99349505,1,1
1.0,1,1
0.99990785,1,1
1.0,1,1
0.9902749,1,1
1.0,1,1
0.9876315,1,1
0.99923146,1,1
0.99993324,1,1
0.9980337,1,1
0.9942357,1,1
0.99583983,1,1
0.99968755,1,1
0.99999976,1,1
0.98920876,1,1
1.0,1,1
1.0,1,1
0.9937236,1,1
0.99711585,1,1
0.9987534,1,1
0.9699286,1,1
1.0,1,1
0.9999099,1,1
0.99512047,1,1
0.99959177,1,1
1.0,1,1
0.9999926,1,1
0.924586,1,1
0.9591166,1,1
0.99617404,1,1
0.9996068,1,1
0.95407486,1,1
0.9995123,1,1
0.99989045,1,1
1.0,1,1
0.99996233,1,1
0.9999963,1,1
0.9999473,1,1
0.99213034,1,1
0.9384612,1,1
0.9758256,1,1
0.9967719,1,1
0.9999933,1,1
0.933934,1,1
0.9934509,1,1
0.9999757,1,1
0.7986878,1,1
0.9713302,1,1
0.99824667,1,1
0.9999695,1,1
0.99996114,1,1
1.0,1,1
0.993443,1,1
0.9997359,1,1
0.99184275,1,1
0.9999014,1,1
0.9928402,1,1
0.92310786,1,1
1.0,1,1
1.0,1,1
1.0,1,1
0.9988882,1,1
0.968252,1,1
0.9873469,1,1
0.96189696,1,1
0.9965951,1,1
1.0,1,1
1.0,1,1
0.9995283,1,1
0.99975866,1,1
0.99983764,1,1
0.9948939,1,1
0.99371076,1,1
0.9970554,1,1
0.99912983,1,1
0.9494396,1,1
0.99974674,1,1
0.9985347,1,1
0.9996654,1,1
0.9975381,1,1
0.99999917,1,1
0.89780587,1,1
1.0,1,1
0.8780363,1,1
0.999995,1,1
0.96525896,1,1
1.0,1,1
0.9950271,1,1
0.9972703,1,1
1.0,1,1
0.9999747,1,1
0.99423754,1,1
0.9983432,1,1
0.9998963,1,1
0.9999999,1,1
0.96908677,1,1
1.0,1,1
0.99862456,1,1
0.99044764,1,0
1.0,1,1
0.98941785,1,0
0.999997,1,1
0.9989102,1,1
0.9667582,1,1
0.9933177,1,1
0.99601364,1,1
0.99283546,1,1
0.9869479,1,1
0.9983902,1,1
0.99713093,1,1
0.99998415,1,1
0.99978286,1,1
0.6458142,1,1
0.99925274,1,1
0.99884367,1,1
0.99926144,1,1
0.99435836,1,1
0.9944635,1,1
0.99898,1,1
1.0,1,1
0.99994063,1,1
1.0,1,1
0.9747586,1,1
0.94245404,1,1
0.9844385,1,1
0.9999113,1,1
0.98887944,1,1
0.9669958,1,1
0.8647619,1,1
0.9996325,1,1
0.9990501,1,1
0.99207664,1,1
0.98488945,1,1
0.98083717,1,1
0.9619789,1,1
0.9748676,1,1
0.94610494,1,1
0.9923126,1,1
0.9761304,1,1
0.9123938,1,1
0.99999607,1,1
0.997521,1,1
0.99852836,1,1
0.9995728,1,1
1.0,1,1
0.99929035,1,1
0.9611755,1,1
0.9830739,1,1
0.9975452,1,1
0.99322116,1,1
0.99898654,1,1
0.9954325,1,1
0.9994184,1,1
0.34658423,0,1
0.9365752,1,1
0.85046566,1,1
0.99294794,1,1
0.9962058,1,1
0.5973806,1,1
0.929877,1,1
0.99975497,1,1
0.94796085,1,1
0.8218092,1,1
0.99258065,1,1
0.9984126,1,1
0.809257,1,1
0.8773682,1,1
0.86377066,1,1
0.99998677,1,1
0.99793845,1,1
1.0,1,1
0.9824401,1,1
0.99999654,1,1
0.9994885,1,1
0.9899442,1,1
0.99999726,1,1
0.97875893,1,1
0.9933536,1,1
0.2182551,0,1
0.986598,1,1
0.97410583,1,1
1.0,1,1
0.9998877,1,1
0.9671952,1,1
0.9382772,1,1
0.9956756,1,1
0.9999709,1,1
1.0,1,1
0.7204757,1,1
0.99996805,1,1
0.98239625,1,1
1.0,1,1
0.99734575,1,1
0.9999856,1,1
0.99883574,1,1
0.99997187,1,1
0.9977852,1,1
0.9996594,1,1
0.99424285,1,1
0.96748245,1,1
0.9990375,1,1
0.80578476,1,1
0.98480135,1,1
0.9939038,1,1
0.9969048,1,1
0.99349046,1,1
0.999995,1,1
0.5466342,1,1
0.96912956,1,1
0.90188557,1,1
0.9998627,1,1
0.9988581,1,1
0.9988023,1,1
0.9938852,1,1
0.9884714,1,1
0.99981016,1,1
1.0,1,1
0.99211156,1,1
0.9973564,1,1
0.9941953,1,1
0.9993413,1,1
0.9993113,1,1
0.9996284,1,1
0.9998964,1,1
0.99971396,1,1
0.99770796,1,1
0.9979278,1,1
0.99788576,1,1
0.99134225,1,1
0.8795407,1,1
0.97253346,1,1
0.97575694,1,1
0.98785454,1,1
1.0,1,1
0.98662066,1,1
1.0,1,1
0.9779695,1,1
1.0,1,1
0.9205608,1,0
0.9917216,1,1
0.93943673,1,1
0.9450325,1,1
0.9674096,1,1
0.9992423,1,1
0.84898144,1,1
0.527533,1,1
0.9710977,1,1
0.99999654,1,1
0.9920757,1,1
0.95643944,1,1
1.0,1,1
0.9864913,1,1
0.8393449,1,1
0.9999982,1,1
0.9969741,1,1
0.99999666,1,1
1.0,1,1
0.9999999,1,1
0.9397227,1,1
0.999936,1,1
0.598027,1,1
1.0,1,1
0.9997876,1,1
0.9427403,1,1
0.999938,1,1
1.0,1,1
1.0,1,1
1.0,1,1
0.97361267,1,1
0.9956785,1,1
1.0,1,1
0.99999475,1,1
0.9978485,1,1
1.0,1,1
0.99485576,1,1
0.99070334,1,1
0.9992405,1,1
0.99963665,1,1
0.9839752,1,1
0.9793616,1,1
0.9909314,1,1
0.9444222,1,1
0.99820745,1,1
0.99973756,1,1
1.0,1,1
0.99910283,1,1
0.9933802,1,1
0.9995726,1,1
1.0,1,1
0.99672526,1,1
0.9978066,1,1
0.9947418,1,1
0.9963636,1,1
0.9992624,1,1
0.9999974,1,1
0.9990633,1,1
0.9967714,1,1
1.0,1,1
0.99979156,1,1
0.989861,1,1
0.9844519,1,1
0.97971946,1,1
0.98309624,1,1
0.9999999,1,1
0.9976077,1,1
0.9868477,1,1
0.92067,1,1
0.985002,1,1
0.9860399,1,1
0.99961436,1,1
0.9878741,1,1
1.0,1,1
0.99820626,1,1
0.99910235,1,1
0.9946556,1,1
0.94673663,1,1
1.0,1,1
0.9963086,1,1
0.99999547,1,1
0.9562119,1,1
0.99744093,1,1
0.9493584,1,0
0.998985,1,1
0.99683553,1,1
0.994522,1,1
0.17669755,0,1
0.9999999,1,1
0.9974486,1,1
0.96112293,1,1
1.0,1,1
0.9973242,1,1
0.9498808,1,1
0.98452365,1,1
0.9064092,1,1
0.9979108,1,1
0.9986791,1,1
0.99263245,1,1
0.9994062,1,1
0.99999774,1,1
0.9995641,1,0
0.995469,1,1
0.9999974,1,1
0.9852681,1,1
0.2173062,0,1
0.99964535,1,1
0.9966709,1,1
1.0,1,1
0.92371774,1,1
0.9951917,1,1
0.9983657,1,1
0.9896215,1,1
0.9884969,1,1
0.9988152,1,1
0.9999999,1,1
1.0,1,1
1.0,1,1
0.98540014,1,1
0.99375325,1,1
0.9970239,1,1
0.96840435,1,1
0.9947915,1,1
0.99875116,1,1
0.9843849,1,1
0.9937961,1,1
0.98489976,1,1
0.99195486,1,1
0.5471321,1,1
0.97175354,1,1
0.9967886,1,1
0.9894595,1,1
0.87534326,1,1
0.99452496,1,1
0.9790892,1,1
0.9888713,1,1
0.9789882,1,1
0.9997794,1,1
0.999648,1,1
0.861944,1,1
0.9998933,1,1
0.9899284,1,1
0.9725528,1,1
0.9992392,1,1
0.9999895,1,1
0.98954797,1,1
0.9831851,1,1
0.92273074,1,1
0.9981487,1,1
0.97604126,1,1
0.9452705,1,1
0.99642605,1,1
0.99621326,1,1
0.99984336,1,1
0.99636614,1,1
1.0,1,1
0.92968106,1,1
1.0,1,1
0.9998381,1,1
0.9999877,1,1
0.91135824,1,1
0.99912447,1,1
0.9999999,1,1
0.99546224,1,1
0.99999225,1,1
0.9998503,1,1
0.99590683,1,1
0.9997451,1,1
0.9913918,1,1
0.99988294,1,1
0.9198602,1,1
0.97098774,1,1
0.9906109,1,1
0.9994742,1,1
0.99996185,1,1
0.9866334,1,1
0.9902531,1,1
0.7796781,1,1
0.97680193,1,1
0.9979856,1,1
0.98505014,1,1
0.9999654,1,1
1.0,1,1
0.9997508,1,1
0.99993706,1,1
0.9746892,1,1
0.9881478,1,1
0.96973395,1,1
0.9822751,1,1
0.99777955,1,1
0.99488586,1,1
0.9643582,1,1
0.97447973,1,1
0.9873468,1,1
0.96147823,1,1
0.8701433,1,1
0.98506135,1,1
0.98688763,1,1
1.0,1,1
0.9828498,1,1
0.98939204,1,1
0.9995208,1,1
0.99231476,1,1
0.99924845,1,1
1.0,1,1
0.9930922,1,1
0.9194041,1,1
0.98876756,1,1
0.67261887,1,1
0.87832737,1,1
0.999453,1,1
0.9992341,1,1
0.9999932,1,1
0.9484374,1,1
0.98639464,1,1
0.9994716,1,1
0.9997955,1,1
0.9831849,1,1
0.9995333,1,1
0.9999995,1,1
0.99995875,1,1
0.999446,1,1
0.68241274,1,1
0.9998425,1,1
0.9754777,1,1
1.0,1,1
0.98521405,1,1
0.98444253,1,1
0.9774525,1,1
0.9887821,1,1
0.99634343,1,1
1.0,1,1
0.97946405,1,1
0.95120627,1,1
0.9431086,1,1
1.0,1,1
0.95988643,1,1
0.9711741,1,1
0.53140116,1,1
0.9995635,1,1
0.99997866,1,1
1.0,1,1
1.0,1,1
0.9990264,1,1
0.9997321,1,1
1.0,1,1
0.98320884,1,1
1.0,1,1
0.20298317,0,1
0.93791145,1,1
0.9878612,1,1
0.9622914,1,1
0.99685967,1,1
0.92040884,1,1
0.99536914,1,1
0.91709596,1,0
1.0,1,1
0.9002793,1,1
0.99812275,1,1
0.9906833,1,1
0.98858285,1,1
0.99742883,1,1
0.99520606,1,1
0.28585973,0,1
0.99960417,1,1
0.98738396,1,1
0.9744186,1,1
0.9997832,1,1
0.99600273,1,1
0.9999497,1,1
0.97005904,1,1
1.0,1,1
1.0,1,1
0.9637667,1,1
0.9997484,1,1
0.99371344,1,1
0.9792051,1,1
0.99515814,1,1
0.998192,1,1
1.0,1,1
0.8688115,1,1
0.8537342,1,1
0.99799275,1,1
0.99957746,1,1
0.99997246,1,1
0.89474016,1,1
0.9440607,1,1
1.0,1,1
0.9999727,1,1
0.9999995,1,1
0.9998385,1,1
0.9976513,1,1
0.98409384,1,1
0.31888318,0,1
0.9996635,1,1
0.9922999,1,1
0.99999964,1,1
0.9999511,1,1
1.0,1,1
0.9997764,1,1
0.99697495,1,1
0.96582717,1,1
0.9938618,1,1
0.9745787,1,0
0.99984264,1,1
0.9892827,1,1
0.9971348,1,1
0.996223,1,1
0.99923575,1,1
0.9985342,1,1
0.9810388,1,1
0.9999831,1,1
0.9284802,1,1
0.9999999,1,1
0.9999938,1,1
0.9994974,1,1
0.99999905,1,1
0.930806,1,1
0.9661767,1,1
0.988362,1,1
1.0,1,1
0.7294038,1,1
0.92482495,1,1
0.9999994,1,1
0.9907924,1,1
0.9999411,1,1
0.9995448,1,1
0.99972874,1,1
0.9987388,1,1
0.9984541,1,1
0.9956677,1,1
0.9991647,1,1
0.9999902,1,1
0.9999883,1,1
0.9999964,1,1
0.88998145,1,1
0.99885917,1,1
0.85445094,1,1
0.9085949,1,1
0.9999113,1,1
0.55437374,1,1
0.9511975,1,1
0.9953713,1,1
0.99989414,1,1
0.9237782,1,1
0.9849123,1,1
0.9783925,1,1
0.9999999,1,1
0.9999864,1,1
0.9945381,1,1
0.9977143,1,1
0.98622966,1,1
1.0,1,1
0.9991837,1,1
0.9975122,1,1
0.9984132,1,1
0.9911103,1,1
0.9999881,1,1
0.92951983,1,1
0.99976987,1,1
0.99801373,1,1
0.9947208,1,1
1.0,1,1
0.9994449,1,1
0.9999943,1,1
0.9888209,1,1
1.0,1,1
0.99967873,1,1
0.6125226,1,1
0.9999926,1,1
0.9841054,1,1
0.99993646,1,1
0.97502565,1,1
0.9905776,1,1
0.9990252,1,1
0.9225289,1,1
0.9892259,1,1
0.999992,1,1
0.99999917,1,1
0.9823988,1,1
1.0,1,1
0.9478735,1,1
0.95897216,1,1
0.878628,1,1
0.98545456,1,1
0.9984713,1,1
0.9703739,1,1
0.9902716,1,1
0.7123776,1,1
0.9994629,1,1
0.99978846,1,1
0.18532406,0,1
0.99206394,1,1
0.9992262,1,1
0.9614154,1,1
0.999938,1,1
0.9157975,1,0
1.0,1,1
0.99999356,1,1
0.98536956,1,1
0.7546539,1,1
0.9824607,1,1
0.9819327,1,1
0.97526985,1,1
0.96051043,1,0
0.99831617,1,1
0.9887833,1,1
0.9978963,1,1
0.9983631,1,1
0.99861264,1,1
0.93403184,1,1
0.99845505,1,1
1.0,1,1
0.79522574,1,1
0.5587236,1,1
0.99922574,1,1
0.9894293,1,1
0.9969072,1,1
0.95542,1,1
0.9997907,1,1
0.99999785,1,1
0.9986014,1,1
0.99955994,1,1
0.99816895,1,1
0.91298336,1,1
0.98583317,1,1
0.99950707,1,1
0.9995153,1,1
1.0,1,1
0.9882464,1,1
0.99983335,1,1
1.0,1,1
0.9998466,1,1
0.9992101,1,1
0.9996933,1,1
0.9959126,1,1
0.99997354,1,1
0.9980147,1,0
0.9996277,1,1
0.9999026,1,1
0.99999917,1,1
1.0,1,1
1.0,1,1
0.9907794,1,1
0.9978842,1,1
0.99140364,1,1
0.9999654,1,1
0.99999917,1,1
0.98906446,1,1
0.99242264,1,1
0.99968314,1,1
0.99989057,1,1
0.99987733,1,1
1.0,1,1
0.99622774,1,1
0.90246576,1,1
0.6025942,1,1
0.9728837,1,1
0.99298275,1,1
0.9864166,1,1
0.9981285,1,1
0.99927956,1,1
0.99970704,1,1
0.70460486,1,1
0.9998678,1,1
0.97823596,1,1
0.9999764,1,1
0.9610265,1,1
0.9980501,1,1
0.94980603,1,1
0.95767385,1,1
0.86071396,1,1
0.99838054,1,1
0.995754,1,1
0.98825383,1,1
0.99822146,1,1
0.98653036,1,1
0.9795812,1,1
0.9991677,1,1
1.0,1,1
0.90525335,1,1
0.9999188,1,1
0.9897119,1,1
0.99999475,1,1
0.96080834,1,1
0.9954602,1,1
0.96421003,1,1
0.9985952,1,1
0.99991596,1,1
0.98678374,1,1
0.99917847,1,1
0.99995947,1,1
0.9895438,1,1
0.9975242,1,1
0.99997556,1,1
0.8432739,1,1
0.9991923,1,1
0.91458833,1,1
0.999688,1,1
0.9933856,1,1
0.975625,1,1
0.8891376,1,1
0.99853003,1,1
0.99245703,1,1
0.9613735,1,1
0.9993641,1,1
0.9959537,1,1
1.0,1,1
0.999946,1,1
0.7150202,1,1
0.9995473,1,1
0.9832033,1,1
0.9924104,1,1
0.99238,1,1
0.9999906,1,1
0.9934006,1,1
0.99948704,1,0
0.9984761,1,1
0.9992532,1,1
0.99982196,1,1
1.0,1,1
0.98720294,1,1
0.93074363,1,1
0.94412166,1,1
1.0,1,1
0.98408264,1,1
0.9633088,1,1
0.99997056,1,1
0.99967515,1,1
0.9999902,1,1
0.97271293,1,1
0.9999994,1,1
0.9467954,1,1
0.99965215,1,1
0.9693732,1,1
0.9999187,1,1
0.9996531,1,1
0.9990074,1,1
0.9991529,1,1
0.94474083,1,1
0.99386346,1,0
0.9995167,1,1
0.9956584,1,1
0.9996736,1,1
0.9949751,1,1
0.9887328,1,1
0.9873877,1,1
0.9999999,1,1
0.9951644,1,1
1.0,1,1
0.9992204,1,1
0.8041967,1,1
0.9959163,1,1
0.90629613,1,1
0.98193884,1,1
0.998566,1,1
0.999148,1,1
0.9830223,1,1
0.98347765,1,1
0.607809,1,1
0.9950599,1,1
0.9761254,1,1
0.99996126,1,1
0.9999422,1,1
1.0,1,1
0.97809863,1,1
0.9999229,1,1
0.9990736,1,1
0.9999665,1,1
0.9477184,1,1
0.93307173,1,1
0.9993093,1,1
0.9414502,1,1
0.99999964,1,1
0.97032803,1,1
0.9724396,1,1
0.8548657,1,1
0.93775725,1,1
0.47129944,0,1
0.99999225,1,1
0.99932134,1,1
0.9579399,1,1
0.9123575,1,1
0.99941456,1,1
0.93005246,1,1
0.99091583,1,1
0.99972564,1,1
0.9855328,1,0
0.9756883,1,1
0.99980694,1,1
1.0,1,1
0.99819165,1,1
1.0,1,1
0.99984634,1,1
0.94725573,1,1
0.9956911,1,1
0.6906961,1,1
0.90621847,1,1
0.99996126,1,1
0.9983973,1,1
0.9999782,1,1
0.9988097,1,1
0.999138,1,1
0.99995446,1,1
0.976224,1,1
0.9886869,1,1
0.9998888,1,1
0.99523747,1,1
0.9999995,1,1
0.9999145,1,1
0.89660454,1,1
0.92175364,1,1
0.908979,1,1
0.9997894,1,1
0.9237662,1,1
0.9998061,1,1
0.98022205,1,1
0.9855723,1,1
0.9693849,1,1
0.9997409,1,1
0.99402666,1,1
0.9999883,1,1
0.9999602,1,1
0.9994591,1,1
0.99344057,1,1
0.99951315,1,1
0.99064624,1,1
0.99857295,1,1
0.9996006,1,0
0.9977131,1,1
0.88667166,1,1
0.999777,1,1
0.9658274,1,1
0.9972965,1,1
0.9585125,1,0
0.98983836,1,1
0.99908006,1,1
0.99999976,1,1
0.7217969,1,1
0.99793696,1,1
0.9999865,1,1
0.999984,1,1
0.95283806,1,1
0.99926275,1,1
0.9786138,1,1
0.99892163,1,1
0.99996746,1,1
0.9998747,1,1
0.99951077,1,1
0.8432049,1,1
0.99971324,1,1
0.96421224,1,1
0.9879562,1,1
0.9804494,1,1
0.99518687,1,1
1.0,1,1
0.99642783,1,1
0.9963672,1,1
0.99279433,1,1
1.0,1,1
0.9468564,1,1
0.9789914,1,1
0.99998784,1,1
0.98825127,1,1
0.9555589,1,1
0.9989825,1,1
0.9959259,1,1
0.9980261,1,1
0.9999759,1,1
0.9566958,1,1
0.9998914,1,1
0.93453264,1,1
0.99975747,1,1
0.99837375,1,1
0.9999838,1,1
0.9896764,1,1
0.9981645,1,1
0.84888184,1,1
0.9985215,1,1
0.7416063,1,1
0.9919693,1,1
0.994333,1,1
0.99768376,1,1
0.9995627,1,1
1.0,1,1
0.9998317,1,1
0.996051,1,1
0.6117655,1,1
0.98228997,1,1
0.9869391,1,1
0.9842024,1,1
0.9830252,1,1
0.9966307,1,1
0.99938095,1,1
0.99948585,1,1
0.9991503,1,1
0.5827462,1,1
0.98792946,1,1
0.9952407,1,1
0.9994585,1,1
0.9996848,1,1
0.99999976,1,1
0.99645174,1,1
0.9996909,1,1
0.87926054,1,1
0.9994491,1,1
0.9263241,1,1
0.99999833,1,1
0.99999964,1,1
1.0,1,1
0.9888787,1,1
0.9998559,1,1
0.9999373,1,1
0.99998283,1,1
0.9989054,1,1
0.7440449,1,1
0.5249921,1,1
1.0,1,1
0.9204553,1,1
0.9598435,1,1
0.9998202,1,1
0.99961394,1,1
0.99094534,1,1
0.9999976,1,1
0.9994783,1,1
0.9997367,1,1
0.9995353,1,1
0.99384576,1,1
0.94622433,1,1
0.9971493,1,1
0.9890976,1,1
0.90305567,1,1
0.9983132,1,1
0.9984597,1,1
0.9633708,1,1
0.9882208,1,1
0.9984909,1,1
0.9985083,1,1
0.94292045,1,1
0.5786587,1,1
1.0,1,1
1.0,1,1
0.99998915,1,1
0.9999974,1,1
0.9932175,1,1
0.9613114,1,1
0.9946765,1,1
0.9828147,1,1
1.0,1,1
0.9941314,1,1
0.9975259,1,1
0.99891424,1,1
0.93724835,1,1
0.9485595,1,1
0.99999607,1,1
0.9999914,1,1
0.9961844,1,1
0.99715173,1,1
0.9985979,1,1
0.97225744,1,1
0.9999896,1,1
0.9996222,1,1
0.96137774,1,1
0.7693043,1,1
0.97082704,1,1
0.9999683,1,1
0.99999976,1,1
1.0,1,1
0.97238725,1,1
0.97848594,1,1
0.96205735,1,1
0.9992699,1,1
0.9999635,1,1
0.92099375,1,1
1.0,1,1
0.9530496,1,1
0.99534374,1,1
0.9947423,1,1
0.94429904,1,1
0.9998011,1,1
0.99998176,1,1
0.9987465,1,1
0.9988675,1,1
0.9947221,1,1
0.9993529,1,1
0.9998561,1,1
0.9999969,1,1
0.98208356,1,1
0.9999912,1,1
0.9999939,1,1
0.97997093,1,1
0.99747974,1,1
0.9998913,1,1
1.0,1,1
0.8726041,1,1
0.9913812,1,1
0.9826722,1,1
0.998665,1,1
0.9793855,1,1
0.99440914,1,1
1.0,1,1
0.99475396,1,1
0.9988914,1,1
0.9990662,1,1
0.99275017,1,1
0.99973875,1,1
0.980981,1,1
0.9924914,1,1
0.9991032,1,1
0.9999567,1,1
0.99143386,1,1
0.93268114,1,1
0.98483753,1,1
0.9438943,1,1
0.7119123,1,1
0.9919796,1,1
0.994476,1,1
0.87877005,1,1
0.98206514,1,0
1.0,1,1
0.9068841,1,1
0.9852142,1,1
0.9063845,1,1
0.9984775,1,1
0.99999917,1,1
0.9991128,1,1
0.99197716,1,1
0.9999883,1,1
0.97929674,1,1
0.999931,1,1
0.99134564,1,1
1.0,1,1
1.0,1,1
0.99474996,1,1
0.9995154,1,1
0.9618729,1,1
0.93694675,1,1
0.99920243,1,1
0.97311944,1,1
0.9998965,1,1
0.9999963,1,1
0.99999034,1,1
0.99999726,1,1
0.9999844,1,1
0.97003114,1,0
0.99630404,1,1
0.80456394,1,1
0.9987514,1,1
0.99996376,1,1
0.99421704,1,1
0.63680667,1,1
0.9999646,1,1
0.9453835,1,1
0.96001333,1,1
0.9473934,1,1
0.9941468,1,1
0.99355245,1,1
0.99702185,1,1
0.9635638,1,1
0.94809294,1,1
0.9706143,1,1
0.97825235,1,1
0.9937483,1,1
0.99993,1,1
0.9895738,1,1
0.87189233,1,1
0.9939346,1,1
0.92967147,1,1
0.99992824,1,1
0.9999565,1,1
0.96977407,1,1
0.9733932,1,1
0.9968395,1,1
0.9999894,1,1
0.9999907,1,1
0.99997437,1,1
0.9999999,1,1
0.79558426,1,1
0.9821722,1,1
0.9806691,1,1
0.9996123,1,1
0.99999154,1,1
0.9962191,1,1
0.99994874,1,1
0.99796706,1,1
0.912736,1,1
0.9998907,1,1
0.9921171,1,1
0.99599326,1,1
1.0,1,1
0.999835,1,1
0.9998746,1,1
0.99998164,1,1
0.9974957,1,1
0.7393863,1,1
0.9999721,1,1
0.97282404,1,1
0.9913838,1,1
0.99959844,1,1
0.8950371,1,1
0.9999945,1,1
0.9842874,1,1
0.99696416,1,1
0.92553186,1,1
0.948355,1,1
0.9904771,1,1
0.9981406,1,1
0.98825884,1,1
0.937351,1,1
0.97000104,1,1
0.95081186,1,1
0.9657972,1,1
0.98947144,1,1
0.9926112,1,1
0.96915734,1,1
1.0,1,1
0.999308,1,1
0.9996094,1,1
0.99999654,1,1
0.998198,1,1
0.999948,1,1
0.9932827,1,1
0.99972755,1,1
0.98468715,1,1
0.9845673,1,1
0.9997341,1,1
0.999985,1,1
0.98308486,1,1
0.9359125,1,1
0.99996066,1,1
0.99812263,1,0
0.998505,1,0
0.97805893,1,1
0.99046445,1,1
0.9994154,1,1
0.98934364,1,1
0.99984825,1,1
1.0,1,1
0.96311796,1,1
0.9966666,1,1
0.99843794,1,1
1.0,1,1
0.9999865,1,1
0.9869529,1,1
0.9824088,1,1
0.9959382,1,1
0.9666659,1,1
0.9995943,1,1
0.97040874,1,1
0.9927711,1,1
0.9998356,1,1
0.9465971,1,1
0.9998629,1,1
1.0,1,1
0.99954045,1,1
0.99077296,1,1
0.33335203,0,1
1.0,1,1
0.9999943,1,1
0.9385035,1,1
0.9999937,1,1
0.9869092,1,1
0.9975612,1,1
0.9997042,1,1
0.99942756,1,1
0.999684,1,1
0.96230865,1,1
0.9912794,1,1
0.9982181,1,1
0.99982053,1,1
0.9992229,1,1
0.99534386,1,1
0.99713445,1,0
0.95878,1,1
0.99998355,1,1
0.99999595,1,1
0.9998754,1,1
0.9983053,1,1
0.9765022,1,0
0.99882454,1,1
0.9999999,1,1
0.5305052,1,1
0.97332597,1,1
0.9981369,1,1
0.9881926,1,1
0.9962638,1,1
0.9988003,1,1
0.9997197,1,0
0.99506927,1,1
0.9990963,1,1
0.9981342,1,1
0.996869,1,1
0.9997676,1,1
0.9999385,1,1
0.9994221,1,1
0.9738042,1,1
0.99947304,1,1
0.9704399,1,1
0.96682733,1,1
0.9995788,1,1
0.9840236,1,0
1.0,1,1
0.99893683,1,1
0.9999976,1,1
0.998836,1,1
0.99625635,1,1
0.9957722,1,1
1.0,1,1
1.0,1,1
0.9993672,1,1
0.9951676,1,1
0.9999924,1,1
0.99992573,1,1
0.9994454,1,1
0.99999917,1,1
1.0,1,1
0.9996865,1,1
0.99999475,1,1
0.99999917,1,1
0.9930254,1,1
0.94175625,1,1
0.9999999,1,1
0.9175293,1,1
0.9856529,1,1
0.8847199,1,1
0.99771947,1,1
0.9488933,1,1
0.97972417,1,1
0.9975788,1,1
0.9996965,1,1
0.9994605,1,1
0.99483347,1,1
0.99999785,1,1
0.8973453,1,0
0.9441625,1,1
0.90646917,1,1
0.9999211,1,1
0.9852663,1,1
0.9998229,1,1
0.98828506,1,1
0.8366433,1,1
1.0,1,1
0.9999958,1,1
0.99998355,1,1
0.9290103,1,1
1.0,1,1
0.9999939,1,1
1.0,1,1
0.99205655,1,1
0.9983512,1,1
0.97920746,1,1
0.9999906,1,1
0.9988403,1,1
0.87500745,1,1
0.9991347,1,1
0.96563053,1,1
0.99931693,1,1
0.99997854,1,1
0.99348277,1,1
0.9999863,1,1
0.99023235,1,1
0.99972516,1,1
0.571813,1,1
0.9796026,1,1
0.99999106,1,1
0.95967627,1,1
0.999841,1,1
0.99833006,1,1
0.9995821,1,1
0.9121441,1,1
0.9669352,1,1
0.99952996,1,1
0.9999963,1,1
0.98679465,1,1
0.96930593,1,1
0.99991703,1,1
0.99973065,1,1
0.99956423,1,1
0.99261016,1,1
1.0,1,1
0.9995479,1,1
0.9930415,1,1
1.0,1,1
0.97914577,1,1
0.9999958,1,1
0.99486464,1,1
0.98574823,1,1
0.9963605,1,1
0.9996131,1,1
1.0,1,1
0.98027,1,1
0.9999598,1,1
0.9993293,1,1
0.9989868,1,1
0.8935326,1,1
0.9557118,1,1
1.0,1,1
0.9475126,1,1
1.0,1,1
1.0,1,1
0.9976676,1,1
0.89291704,1,1
0.99556303,1,1
1.0,1,1
0.90648305,1,1
1.0,1,1
1.0,1,1
1.0,1,1
0.9879023,1,1
0.974228,1,1
0.9965539,1,1
0.042900503,0,0
1.0,1,1
0.9999999,1,1
0.9335848,1,1
1.0,1,1
0.9897518,1,1
0.99989533,1,1
0.9815818,1,1
1.0,1,1
0.9885422,1,1
0.9951609,1,1
0.99999404,1,1
0.988982,1,1
0.9986407,1,1
0.99718577,1,1
0.9988819,1,1
0.97806805,1,1
1.0,1,1
1.0,1,1
1.0,1,1
0.99997234,1,1
0.98831254,1,1
1.0,1,1
1.0,1,1
0.9999466,1,1
0.9934924,1,1
1.0,1,1
1.0,1,1
1.0,1,1
0.9784001,1,1
0.88833106,1,1
0.5810791,1,1
0.9955609,1,1
0.986949,1,1
1.0,1,1
0.9999999,1,1
0.87966764,1,1
0.99724686,1,1
0.8880317,1,1
0.9943157,1,1
0.8441954,1,1
0.9916175,1,1
1.0,1,1
0.87842155,1,1
0.9999876,1,1
1.0,1,1
0.9998988,1,1
0.9851334,1,1
0.9576428,1,1
0.99999976,1,1
0.9978623,1,0
1.0,1,1
0.99151284,1,1
0.9774204,1,1
0.87240666,1,1
0.85278976,1,1
0.9988102,1,1
0.9845697,1,1
0.9959187,1,1
0.90024984,1,1
0.9568538,1,1
0.68337685,1,1
0.97834045,1,1
0.8406665,1,1
1.0,1,1
0.99109226,1,1
0.99960905,1,1
0.8673618,1,1
0.9840321,1,1
0.9940713,1,1
0.9999995,1,1
0.99670744,1,1
0.9998604,1,1
0.99762815,1,1
0.99999857,1,1
0.997752,1,1
0.9839315,1,1
0.9115274,1,1
0.8909779,1,1
0.98110116,1,1
0.63694096,1,1
0.9994886,1,1
0.9393622,1,1
0.96450174,1,1
0.9980348,1,1
0.9963838,1,0
0.8557676,1,1
0.7644373,1,1
0.9799907,1,1
0.98704684,1,1
0.9999982,1,1
1.0,1,1
1.0,1,1
1.0,1,1
0.9788158,1,1
0.969497,1,1
1.0,1,1
1.0,1,1
1.0,1,1
0.999998,1,1
0.92292535,1,1
0.99999464,1,1
0.99999845,1,1
0.9844134,1,1
1.0,1,1
0.9993801,1,1
0.9493917,1,1
0.83744174,1,1
0.99998975,1,1
0.99982387,1,1
0.972494,1,1
0.90582716,1,1
1.0,1,1
1.0,1,1
0.9999982,1,1
0.99898833,1,1
0.9950217,1,1
0.6660024,1,1
0.9951859,1,1
0.82163113,1,1
0.99306524,1,1
1.0,1,1
0.99988055,1,1
0.9701192,1,1
0.9245148,1,1
1.0,1,1
0.99999905,1,1
0.99995947,1,1
1.0,1,1
0.9988588,1,1
1.0,1,1
0.96086806,1,1
0.9573666,1,1
0.99523264,1,1
0.9754709,1,1
0.9999069,1,1
0.9465156,1,1
0.9893121,1,1
0.8820896,1,1
1.0,1,1
0.99970156,1,1
0.94698304,1,1
0.9989681,1,1
0.99086434,1,1
0.99999034,1,1
0.82537717,1,1
0.99999607,1,1
0.5980167,1,1
0.93647546,1,1
0.704308,1,1
0.9847741,1,1
0.9995074,1,1
1.0,1,1
0.9999994,1,1
0.9837494,1,1
0.980864,1,1
0.9834909,1,1
0.99998605,1,1
0.99999595,1,1
0.995783,1,1
0.9996902,1,1
0.958704,1,1
0.99953413,1,1
0.94723415,1,1
0.93758273,1,1
0.74257845,1,1
0.9671172,1,1
0.9908173,1,1
0.99268484,1,1
0.9977024,1,1
0.94778776,1,1
0.95715195,1,1
0.9799789,1,1
0.98797673,1,1
0.99972457,1,1
0.9998549,1,1
0.9999999,1,1
0.94855374,1,1
0.92633814,1,1
0.979548,1,1
0.990838,1,1
0.9732901,1,1
0.99998295,1,1
0.97264785,1,1
0.97709423,1,1
0.9607904,1,1
0.9981414,1,1
0.9708138,1,1
1.0,1,1
0.9993911,1,1
1.0,1,1
1.0,1,1
0.95260423,1,1
0.66329825,1,1
0.9861347,1,1
0.9949955,1,1
0.97010934,1,1
0.9960079,1,1
0.9673537,1,1
0.975156,1,1
1.0,1,1
0.5751141,1,1
0.98958987,1,1
0.9858986,1,1
1.0,1,1
1.0,1,1
0.9999987,1,1
0.9787436,1,1
1.0,1,1
0.99564856,1,1
1.0,1,1
0.9990243,1,1
0.94362485,1,1
1.0,1,1
0.9415585,1,1
0.7885429,1,1
0.9997389,1,1
0.9999255,1,1
0.9701339,1,1
0.9826225,1,1
0.9996705,1,1
0.78771895,1,1
1.0,1,1
0.9966101,1,1
0.9999999,1,1
0.9982899,1,1
0.9999473,1,1
0.99559397,1,1
0.99972445,1,1
0.9330835,1,1
0.87233084,1,1
0.9999678,1,1
0.892746,1,1
0.93935615,1,1
0.9984156,1,1
0.9999957,1,1
0.95347446,1,1
0.98552585,1,1
0.99999356,1,1
0.9999999,1,1
0.8514385,1,1
0.99301434,1,1
0.97353846,1,1
0.9720783,1,1
0.99040496,1,1
0.986388,1,1
1.0,1,1
0.96242094,1,1
0.9743972,1,1
1.0,1,1
0.9999188,1,1
0.9999238,1,1
0.9877089,1,1
0.9090108,1,1
1.0,1,1
0.99966645,1,1
0.9624248,1,1
0.9008346,1,1
0.9871744,1,1
0.9611798,1,1
0.9993162,1,1
0.9999995,1,1
0.99999964,1,1
0.91302174,1,1
0.61035186,1,1
1.0,1,1
0.9959324,1,1
0.9813343,1,1
1.0,1,1
0.9642075,1,1
0.7736241,1,1
1.0,1,1
1.0,1,1
0.95298237,1,1
0.99997425,1,1
0.9999304,1,1
0.99866545,1,1
0.99444133,1,1
0.9863008,1,1
0.99952614,1,1
0.9696876,1,1
0.9998406,1,1
0.8571337,1,1
0.9949942,1,1
1.0,1,1
0.9842089,1,1
1.0,1,1
0.9793778,1,1
0.9694445,1,1
1.0,1,1
1.0,1,1
0.99079,1,1
0.9886452,1,1
0.68377066,1,1
0.9578718,1,1
1.0,1,1
0.9954521,1,1
0.98467326,1,1
1.0,1,1
0.940327,1,1
0.97068965,1,1
0.9113804,1,1
0.99211675,1,1
0.95999485,1,1
0.9950252,1,1
0.9982881,1,1
0.98378235,1,1
0.88783926,1,1
0.9476306,1,1
0.80350167,1,1
0.9991265,1,1
0.6889933,1,1
0.9781628,1,1
0.91505706,1,1
0.79603714,1,1
1.0,1,1
1.0,1,1
0.9997335,1,1
0.9997218,1,1
0.9980451,1,1
0.99995446,1,1
0.9999993,1,1
0.9997769,1,1
0.99989533,1,1
0.9337339,1,1
0.80941486,1,1
0.97349155,1,1
0.95573616,1,1
0.41148323,0,1
1.0,1,1
0.95808214,1,1
0.9201778,1,1
0.9898985,1,1
0.9607762,1,1
0.9998241,1,1
0.9176296,1,1
0.8470447,1,1
0.9563258,1,1
0.989915,1,1
0.85340035,1,1
0.98076355,1,1
0.9999714,1,1
0.93651724,1,1
0.9998043,1,1
0.99999964,1,1
1.0,1,1
1.0,1,1
0.95526934,1,1
0.68115956,1,1
0.99999905,1,1
1.0,1,1
0.9889158,1,1
0.9867061,1,1
0.9997414,1,1
0.99998295,1,1
1.0,1,1
0.9999999,1,1
0.99982125,1,1
0.9986749,1,1
1.0,1,1
1.0,1,1
0.9962191,1,1
0.9693066,1,1
0.9985234,1,1
0.31891397,0,1
0.92164284,1,1
0.8960149,1,1
0.9808832,1,1
1.0,1,1
0.9997346,1,1
1.0,1,1
0.9999186,1,1
0.9796021,1,1
0.9663144,1,1
0.98089087,1,1
0.9978296,1,1
0.9650661,1,0
0.9912956,1,1
0.9846294,1,1
1.0,1,1
1.0,1,1
0.9999465,1,1
0.9792749,1,1
0.9996153,1,1
0.9999682,1,1
0.98362863,1,1
0.95477647,1,1
0.98895884,1,1
0.9999993,1,1
0.99999714,1,1
1.0,1,1
1.0,1,1
0.99979,1,1
0.99999785,1,1
1.0,1,1
0.9951061,1,1
0.995142,1,1
0.98205906,1,1
0.99981076,1,1
0.90538085,1,1
1.0,1,1
0.85045034,1,1
0.704326,1,1
1.0,1,1
0.9819256,1,1
0.9998215,1,1
0.99999976,1,1
0.93501836,1,1
0.9977463,1,1
0.99999976,1,1
0.9999999,1,1
0.9953843,1,1
0.98138577,1,1
0.99302787,1,1
1.0,1,1
0.9999943,1,1
0.96282834,1,1
1.0,1,1
0.99998415,1,1
0.912549,1,1
0.9999418,1,1
0.98887384,1,1
0.9999989,1,1
0.99945647,1,0
0.9894856,1,1
0.99313354,1,1
0.88830626,1,1
0.98498225,1,1
0.818655,1,1
0.9978999,1,1
0.91990334,1,1
0.9999999,1,1
0.99721766,1,1
0.98001456,1,1
0.99963355,1,1
0.9963677,1,1
0.9766035,1,1
0.99702877,1,1
0.84742266,1,1
0.9943849,1,1
0.9659788,1,1
1.0,1,1
0.9154155,1,1
0.9030906,1,1
0.99581075,1,1
0.88827014,1,1
0.9398491,1,1
0.989495,1,1
0.9999994,1,1
0.9985152,1,1
0.89691436,1,1
0.984609,1,1
0.9870502,1,1
0.98314583,1,1
0.998092,1,1
0.95251226,1,1
0.9964657,1,1
1.0,1,1
1.0,1,1
0.99524623,1,1
1.0,1,1
0.9939837,1,1
0.99998856,1,1
0.97674745,1,1
1.0,1,1
1.0,1,1
0.9999579,1,1
0.9998375,1,1
0.9962966,1,1
0.98862433,1,1
0.88996273,1,1
0.99070424,1,1
0.9965809,1,1
0.93943083,1,1
1.0,1,1
0.998835,1,1
0.99897337,1,1
0.9987417,1,1
0.95181787,1,1
0.92132473,1,1
0.9975948,1,1
0.92485666,1,1
1.0,1,1
0.85072076,1,1
0.9782833,1,1
0.91679317,1,1
0.8637701,1,1
0.8478043,1,1
0.9813079,1,1
0.95767725,1,1
0.9597511,1,1
0.9549306,1,1
1.0,1,1
1.0,1,1
0.99739254,1,1
0.9999167,1,1
0.8932002,1,1
0.96529305,1,1
1.0,1,1
0.9998022,1,1
0.9967347,1,1
0.97582656,1,1
0.5416143,1,1
1.0,1,1
0.9761194,1,1
0.9999999,1,1
0.95474464,1,1
0.9823204,1,1
1.0,1,1
0.9992335,1,1
0.99999917,1,1
0.9962249,1,1
0.99872833,1,1
0.9436238,1,1
0.78252673,1,1
0.9991334,1,1
0.9999895,1,1
0.99998593,1,1
0.9999511,1,1
0.9999362,1,1
0.9905627,1,1
0.99999166,1,1
0.8165695,1,1
0.99999964,1,1
1.0,1,1
0.99991405,1,1
0.9841554,1,1
0.9896408,1,1
0.97952354,1,1
0.99997103,1,1
1.0,1,1
0.98393524,1,1
0.9950518,1,1
0.99956256,1,1
0.9987803,1,1
0.99934524,1,1
0.99814165,1,1
1.0,1,1
0.9905916,1,1
0.9874041,1,1
1.0,1,1
1.0,1,1
0.87609714,1,1
0.9810836,1,1
0.9992385,1,1
0.9998888,1,1
1.0,1,1
0.9789798,1,1
0.9995346,1,1
0.9725906,1,1
1.0,1,1
0.9975811,1,1
0.9999999,1,1
0.9959597,1,1
0.91029423,1,1
0.99934334,1,1
0.5836984,1,1
0.9806193,1,1
0.9321118,1,1
0.9999753,1,1
0.9999893,1,1
0.92928845,1,1
0.99999535,1,1
0.9922726,1,1
0.99993753,1,1
0.9382462,1,1
0.9101141,1,1
0.9958947,1,1
1.0,1,1
0.9999999,1,1
0.9958911,1,1
0.99988663,1,1
0.9992663,1,1
0.5300357,1,1
0.99999595,1,1
0.6859716,1,1
0.98021793,1,1
0.9991092,1,1
0.96087444,1,1
0.9954946,1,1
0.9997429,1,1
1.0,1,1
1.0,1,1
0.9963257,1,1
0.9342872,1,1
0.94272864,1,1
0.99349034,1,1
0.996172,1,0
0.98959726,1,1
0.95912665,1,1
1.0,1,1
0.9797632,1,1
0.96731365,1,1
0.9722587,1,1
0.97509354,1,1
0.99989355,1,1
0.998705,1,1
0.8379783,1,1
0.995719,1,1
0.85436803,1,1
0.9480006,1,1
0.99442804,1,1
0.99999845,1,1
0.9980059,1,1
1.0,1,1
0.99998534,1,1
1.0,1,1
0.9459596,1,1
0.9928698,1,1
0.9459293,1,1
0.93963325,1,1
0.91445667,1,1
0.993905,1,1
0.9946743,1,0
1.0,1,1
0.98333687,1,1
0.99251986,1,1
0.98464125,1,1
1.0,1,1
0.9999962,1,1
0.9993567,1,1
0.940915,1,1
0.99671894,1,1
0.99993896,1,1
1.0,1,1
0.9999491,1,1
0.9917916,1,1
0.9939103,1,1
0.97304654,1,1
0.99999774,1,1
0.8895827,1,1
0.93334115,1,1
0.9929703,1,1
0.99150074,1,1
0.99996173,1,1
0.99297744,1,1
0.9964625,1,1
0.9977004,1,1
0.99037033,1,1
0.99997413,1,1
0.86808395,1,1
0.9142522,1,1
1.0,1,1
1.0,1,1
0.6168763,1,1
0.91286117,1,1
0.99999297,1,1
0.9662103,1,1
0.99347067,1,1
0.98457587,1,1
0.87724555,1,1
0.9991622,1,1
0.42927322,0,1
0.33096752,0,1
0.45924088,0,1
1.0,1,1
0.99843997,1,1
0.9992743,1,1
0.9835337,1,1
0.9999957,1,1
0.9888109,1,1
0.992906,1,1
0.9962837,1,1
0.8178207,1,1
0.9508897,1,1
0.5421432,1,1
0.97629696,1,1
0.9924919,1,1
0.92105937,1,1
0.9878178,1,1
1.0,1,1
0.9464796,1,1
0.98273647,1,1
0.8666686,1,1
0.9839017,1,1
0.9976922,1,1
0.5202437,1,1
1.0,1,1
0.99724126,1,0
0.99706763,1,1
0.9119577,1,1
0.9999993,1,1
0.9907477,1,1
0.99072766,1,1
0.99976426,1,1
0.9916574,1,1
0.9966444,1,1
0.9443449,1,1
0.99943167,1,1
0.98160213,1,1
0.9967182,1,1
0.97889084,1,1
0.9381039,1,1
1.0,1,1
0.9998585,1,1
0.99999034,1,1
0.96585643,1,1
0.85751384,1,1
1.0,1,1
1.0,1,1
0.9879103,1,1
0.99748445,1,1
0.96990246,1,1
0.9793442,1,1
1.0,1,1
0.9789256,1,1
0.99247473,1,1
0.7239997,1,1
0.89953816,1,1
0.8859688,1,1
0.9999893,1,1
0.9991392,1,1
0.84341186,1,1
0.99325657,1,1
1.0,1,1
0.99984694,1,1
0.9994467,1,1
0.99961936,1,1
0.99982125,1,1
0.9878935,1,1
1.0,1,1
0.996923,1,1
0.999813,1,1
0.92964554,1,1
1.0,1,1
0.99917054,1,1
0.99997246,1,1
0.95910746,1,1
0.99908686,1,0
0.9634291,1,1
0.9933976,1,1
0.99887556,1,1
0.9882813,1,1
0.9977229,1,1
0.98652864,1,1
0.90649366,1,1
0.9997844,1,1
0.9998354,1,1
0.993672,1,1
0.9112449,1,1
0.9975012,1,1
0.99999523,1,1
0.9436615,1,1
0.9810877,1,1
0.99769515,1,1
0.9990375,1,1
0.9373823,1,1
0.9999943,1,1
0.9965035,1,1
0.9926508,1,1
0.99261224,1,1
0.8590076,1,1
0.9870291,1,1
0.9999963,1,1
1.0,1,1
0.9999938,1,1
0.9772603,1,1
0.78584135,1,1
0.9890689,1,1
0.99872786,1,1
0.9741823,1,1
0.9999975,1,1
1.0,1,1
1.0,1,1
0.98848,1,1
0.97731143,1,1
0.9997211,1,1
0.99949145,1,1
0.9999976,1,1
0.97925115,1,1
0.97097844,1,1
0.9854785,1,1
0.9984243,1,1
0.985473,1,1
0.9467043,1,1
0.9941263,1,1
0.99999726,1,1
0.97822034,1,1
0.79047376,1,1
0.96047753,1,1
0.9664197,1,1
0.9999993,1,1
0.9313069,1,1
0.99398017,1,1
0.9377175,1,1
0.89997464,1,1
0.994194,1,1
0.9999783,1,1
1.0,1,1
0.96374613,1,1
0.9996476,1,1
0.9994562,1,1
0.99981266,1,1
0.999938,1,1
0.98064363,1,1
0.9999633,1,1
0.9763905,1,1
0.96899563,1,1
0.999605,1,1
0.666699,1,1
0.97347915,1,1
0.99905854,1,1
0.9981779,1,1
0.9901736,1,1
0.99974805,1,1
1.0,1,1
0.9999455,1,1
0.9917898,1,1
0.97166586,1,1
0.9588838,1,1
0.90146,1,1
0.9916653,1,1
0.99609804,1,1
0.9310376,1,1
0.99878377,1,1
0.9921108,1,1
0.94996405,1,1
0.9997285,1,1
0.98492926,1,1
0.9861498,1,1
0.9916026,1,1
0.9955617,1,1
0.9674066,1,1
1.0,1,1
0.99025005,1,1
0.99933654,1,1
0.9419266,1,1
0.9998996,1,1
0.99984324,1,1
0.99521166,1,1
0.999764,1,1
1.0,1,1
0.9872224,1,1
0.9845025,1,1
0.99245375,1,1
0.9535635,1,1
0.9905517,1,1
0.999456,1,1
0.98367566,1,1
0.9999999,1,1
0.99999523,1,1
0.98396456,1,1
0.5145413,1,1
1.0,1,1
0.972569,1,1
0.9876796,1,1
0.99212945,1,1
0.9406777,1,1
0.99484336,1,1
0.9999906,1,1
0.98917234,1,1
0.9917698,1,1
0.9614468,1,1
0.99310255,1,1
0.9933021,1,1
1.0,1,1
0.97701615,1,1
0.99999845,1,1
0.89307356,1,1
0.9809694,1,1
0.92218614,1,1
0.99965656,1,1
0.25846916,0,1
0.9978986,1,1
0.9343457,1,1
0.9998271,1,1
0.99876887,1,1
0.9999734,1,1
0.9998419,1,1
0.9666266,1,1
0.9329454,1,1
0.99996305,1,0
0.9996158,1,0
0.96646625,1,1
1.0,1,1
0.6294683,1,1
0.85179096,1,1
0.99282515,1,1
0.9998324,1,1
0.95746505,1,1
0.5454643,1,1
1.0,1,1
0.968542,1,1
0.968858,1,1
0.9843679,1,1
0.9999732,1,1
0.90622073,1,1
0.99999595,1,1
0.980917,1,1
0.98380774,1,1
0.8781338,1,1
0.98922974,1,1
0.6075608,1,1
0.8518043,1,1
0.99999845,1,1
0.99913675,1,1
0.8872737,1,1
0.99993694,1,1
0.9999994,1,1
0.99971455,1,1
0.5623239,1,1
0.99984944,1,1
0.9489875,1,1
1.0,1,1
0.986968,1,1
0.46419278,0,1
0.9501927,1,1
0.99999976,1,1
0.9823381,1,1
0.9460634,1,1
0.9964563,1,1
0.9417554,1,1
0.94588953,1,1
0.93864286,1,1
0.8022112,1,1
0.9564173,1,1
0.99267006,1,1
0.99999845,1,1
1.0,1,1
0.90670264,1,1
0.9556461,1,1
0.99368966,1,1
0.9431289,1,1
0.9986172,1,1
0.9808704,1,1
0.9999999,1,1
0.99999774,1,1
0.9763322,1,1
0.81968886,1,1
0.9090501,1,1
0.99985087,1,1
0.9126485,1,1
1.0,1,1
0.99999964,1,1
0.99663997,1,1
0.97656554,1,1
0.99139345,1,1
0.99999833,1,1
0.97321904,1,1
0.98375654,1,1
0.8892004,1,1
0.7647056,1,1
0.99103034,1,1
0.9203747,1,1
0.8455267,1,1
0.9999994,1,1
0.9994423,1,1
0.9648606,1,1
0.9859336,1,1
0.9955016,1,1
0.1467077,0,1
0.84860885,1,1
0.7577792,1,1
0.9959358,1,1
0.8511749,1,1
0.8742029,1,1
0.90911543,1,1
0.97857136,1,1
0.69433343,1,1
0.9743944,1,1
0.8914629,1,1
0.90897,1,1
0.49731335,0,1
0.9903204,1,1
0.9999999,1,1
0.8922259,1,1
0.9991511,1,1
0.6288901,1,1
0.6989193,1,1
0.9962997,1,1
0.99999356,1,1
0.99999547,1,1
0.24689884,0,1
0.9704239,1,1
0.99219996,1,1
0.99999905,1,1
0.99995196,1,1
0.9967174,1,1
0.98679906,1,1
0.9999893,1,1
0.9992899,1,1
1.0,1,1
0.55440885,1,1
0.99148214,1,1
0.999982,1,1
0.99999917,1,1
1.0,1,1
0.99243504,1,1
0.99812037,1,1
0.7044652,1,1
1.0,1,1
0.993584,1,1
0.99868053,1,1
0.9999999,1,1
0.99983704,1,1
0.9979627,1,1
0.9208924,1,1
1.0,1,1
0.9574859,1,1
0.99952483,1,1
0.9932312,1,1
0.98468137,1,1
0.9872688,1,1
0.969577,1,1
0.9080468,1,1
1.0,1,1
0.9986701,1,1
0.99950695,1,1
0.99999404,1,1
0.9406732,1,1
0.9819797,1,1
0.99982697,1,1
1.0,1,1
1.0,1,1
0.9999615,1,1
0.9978467,1,1
0.99966896,1,1
0.9401393,1,1
0.99428916,1,1
0.9119877,1,1
0.9179124,1,1
0.9974867,1,1
0.9903521,1,1
0.3854644,0,1
0.98997235,1,1
0.9978575,1,1
0.99192274,1,0
0.9477503,1,1
0.92163444,1,1
0.99978083,1,1
0.95946366,1,1
0.95908016,1,1
0.62409043,1,1
0.9999894,1,1
0.99999464,1,1
0.9697939,1,1
0.9581152,1,1
0.9946978,1,1
0.68479615,1,1
0.86900985,1,1
0.9964706,1,1
0.9997718,1,1
0.9935642,1,1
0.9747253,1,1
0.94557,1,1
0.92092985,1,1
0.9592201,1,1
0.9283344,1,1
0.9999993,1,1
0.9999925,1,1
0.99888235,1,1
1.0,1,1
0.9999839,1,1
0.99273396,1,1
0.99807906,1,1
0.9999999,1,1
1.0,1,1
0.85825366,1,1
0.86567223,1,1
0.98838204,1,1
0.9960615,1,1
0.99843496,1,1
1.0,1,1
0.9451265,1,1
0.6172286,1,1
0.9062258,1,1
0.9999989,1,1
0.91772836,1,0
0.98573166,1,1
0.92245233,1,1
0.9991053,1,1
0.91235274,1,1
0.9657426,1,1
0.9520282,1,1
0.9876667,1,1
0.9734784,1,1
0.9327138,1,1
0.99258643,1,1
0.9805186,1,1
0.974005,1,1
0.99999356,1,1
0.40027976,0,1
0.985823,1,1
0.9437633,1,1
0.9870248,1,1
0.9821945,1,1
0.2903146,0,1
0.98200995,1,1
0.93413436,1,1
0.88697296,1,1
0.9049448,1,1
0.9421819,1,1
0.9999999,1,1
0.9981096,1,1
0.9874631,1,1
0.68844503,1,1
0.89011824,1,1
0.94049746,1,1
0.9873597,1,1
0.98655164,1,0
0.9749815,1,1
0.99992394,1,1
0.9657345,1,1
0.9129278,1,1
0.994732,1,1
0.9224081,1,1
0.9763157,1,1
0.81569785,1,1
0.9516092,1,1
0.99999774,1,1
0.9999641,1,1
0.9999999,1,1
0.9942888,1,1
0.958641,1,1
0.9785492,1,1
0.99948764,1,1
0.92091924,1,1
0.97404826,1,1
0.96410596,1,1
0.99662197,1,1
0.9987582,1,1
0.9997546,1,1
0.996212,1,1
0.42805484,0,1
0.9934962,1,1
0.98658526,1,1
1.0,1,1
0.97899455,1,1
0.9990165,1,1
0.8180941,1,1
0.9999794,1,1
0.9880639,1,1
0.9999995,1,1
0.9999887,1,1
0.9892485,1,1
0.9721683,1,1
1.0,1,1
0.9999515,1,1
0.9909633,1,1
0.9986702,1,1
0.98017406,1,1
0.9999995,1,1
0.536464,1,1
0.9999999,1,1
0.99987173,1,1
0.99706036,1,1
0.9954181,1,1
0.98539346,1,1
0.9997509,1,1
0.97866356,1,1
0.99950755,1,1
0.9999788,1,1
0.9996687,1,1
0.95010865,1,1
0.9700448,1,1
0.99658066,1,1
1.0,1,1
0.9993801,1,1
0.9023731,1,1
0.9998221,1,1
0.97144204,1,1
0.9999964,1,1
0.9512369,1,1
0.99991226,1,1
0.9992048,1,1
0.9999671,1,1
0.7059676,1,1
0.99905294,1,1
1.0,1,1
0.9999913,1,1
0.8832971,1,1
0.9630541,1,1
0.9967939,1,1
0.94758415,1,1
0.98080796,1,1
0.99976486,1,1
0.9997409,1,1
0.9695361,1,1
0.9999993,1,1
0.9999291,1,1
0.99316144,1,1
0.99997485,1,1
1.0,1,1
0.99361444,1,1
0.9999993,1,1
0.9921996,1,1
0.98693454,1,1
0.99968266,1,1
0.9982849,1,1
0.8592178,1,1
0.9755107,1,1
0.99980646,1,1
0.5066862,1,1
0.89653075,1,1
0.918769,1,1
0.9978752,1,1
0.99859256,1,1
0.998871,1,1
0.9804432,1,1
0.9999945,1,1
0.97798777,1,0
0.99994504,1,1
0.9679924,1,1
0.9786574,1,1
0.96682155,1,1
0.9748649,1,1
0.9999999,1,1
0.99977905,1,1
0.99998116,1,1
0.99664634,1,0
0.9854504,1,1
0.8899712,1,1
0.9925168,1,1
0.98314303,1,1
0.9533647,1,1
0.9998909,1,1
0.9704813,1,1
0.8453296,1,1
0.96949434,1,1
0.863443,1,1
0.98225594,1,1
1.0,1,1
0.9954177,1,1
0.922667,1,1
0.9929345,1,1
0.91226524,1,1
1.0,1,1
0.9329458,1,1
0.7737065,1,1
0.9907431,1,1
0.95413023,1,1
0.98065567,1,1
0.98053116,1,1
0.8475552,1,1
0.99999726,1,1
0.99999213,1,1
0.9941572,1,1
0.9986866,1,1
0.98720026,1,1
0.98888516,1,1
0.8924624,1,1
0.99904364,1,1
0.9870184,1,1
0.9916597,1,1
0.99981755,1,1
0.88250196,1,1
0.6719413,1,1
0.96852183,1,1
0.98980683,1,1
0.94443697,1,1
1.0,1,1
0.9753904,1,1
0.9224596,1,1
0.9996182,1,1
0.9935393,1,1
0.99995196,1,1
0.99971884,1,1
0.999995,1,1
0.9922008,1,1
0.99988925,1,1
0.86297137,1,1
0.9996277,1,1
0.8427941,1,1
0.9999995,1,1
0.79119104,1,1
0.73820806,1,1
0.9999312,1,1
1.0,1,1
0.9999696,1,1
0.998787,1,0
0.99002445,1,1
0.96497744,1,1
0.98503333,1,1
0.8736969,1,1
0.97007376,1,1
0.9999789,1,1
0.99978477,1,1
0.998319,1,1
0.9801313,1,1
0.99991596,1,1
1.0,1,1
0.99962187,1,0
0.9570444,1,1
0.9260818,1,1
1.0,1,1
1.0,1,1
0.9992048,1,1
0.9952981,1,1
0.9857605,1,1
0.9999987,1,1
0.97825694,1,1
0.8649494,1,1
0.99998724,1,1
0.93193877,1,1
0.975001,1,1
0.9416016,1,1
1.0,1,1
0.96545494,1,1
0.9692777,1,1
0.916209,1,1
0.99975306,1,1
0.9999999,1,1
0.9665586,1,1
0.99938893,1,1
0.99725085,1,1
0.99953234,1,1
1.0,1,1
0.9870809,1,1
0.9032745,1,1
0.96195465,1,1
0.79258466,1,1
0.9948874,1,1
0.9743318,1,1
0.9999975,1,1
1.0,1,1
1.0,1,1
0.8877621,1,1
0.98817736,1,1
0.99922097,1,1
0.986405,1,1
0.9962774,1,1
0.9104873,1,1
0.8844575,1,0
0.999972,1,1
0.9999355,1,1
0.9998785,1,1
0.922632,1,1
0.98291415,1,1
0.978243,1,1
0.99900776,1,0
0.9999441,1,1
0.98416096,1,1
0.9999858,1,1
0.99714965,1,1
0.9022763,1,1
0.7779377,1,1
0.994863,1,1
0.9837896,1,1
0.533595,1,1
0.85583264,1,1
0.99994457,1,1
1.0,1,1
0.95758015,1,1
1.0,1,1
0.9999746,1,1
0.9370849,1,1
0.9910487,1,1
0.9994542,1,1
0.9998171,1,1
0.99996126,1,1
0.9879766,1,1
0.9999634,1,1
0.9599241,1,1
0.9941459,1,1
0.9963677,1,1
0.995783,1,1
0.93037146,1,1
0.99998116,1,1
0.96407163,1,1
0.99872917,1,1
0.9476826,1,1
0.94610864,1,1
0.9999913,1,1
1.0,1,1
0.96457976,1,1
0.97990376,1,1
0.9999405,1,1
0.9930734,1,1
0.99946946,1,1
0.9915645,1,1
0.9996275,1,1
0.9998865,1,1
0.8892359,1,1
0.9999995,1,1
0.9328641,1,1
0.9674073,1,1
0.97898084,1,1
0.99930024,1,1
0.9544345,1,1
0.92884386,1,1
0.9998573,1,1
0.9908178,1,1
0.8914676,1,1
0.979715,1,1
0.553223,1,1
0.9996106,1,1
0.86294144,1,1
0.94199526,1,1
0.9999993,1,1
0.99998236,1,1
0.9666362,1,1
0.99997497,1,1
0.99999094,1,1
0.87503207,1,1
0.9326887,1,1
0.9007728,1,1
0.9999988,1,1
0.9881132,1,1
0.99979466,1,1
0.9927492,1,1
0.99982697,1,1
0.9441622,1,1
0.999984,1,1
0.9768876,1,1
0.97125274,1,0
0.9915951,1,1
0.822069,1,1
0.9999938,1,1
0.9999968,1,1
0.98398745,1,1
0.91118354,1,1
0.9997981,1,0
0.9997192,1,1
0.99965966,1,1
0.96073616,1,1
0.9999484,1,1
0.87696666,1,1
0.9865043,1,1
0.959311,1,1
0.99914324,1,1
0.9994413,1,1
0.998273,1,1
0.9784288,1,1
0.99320495,1,1
0.7398417,1,1
0.99643147,1,1
0.99999714,1,1
0.9360577,1,1
0.93291557,1,1
0.9996325,1,1
0.99992895,1,1
0.99531746,1,0
0.99403316,1,1
0.9966168,1,1
0.98939276,1,1
0.9684058,1,1
1.0,1,1
0.9999876,1,1
0.99996376,1,1
0.97920334,1,1
0.8574504,1,1
0.9999317,1,1
0.7636554,1,1
0.9849571,1,1
0.87464505,1,1
0.9714864,1,1
0.989012,1,1
0.9856263,1,1
0.9197271,1,1
0.9820753,1,1
0.9955324,1,1
0.9999865,1,1
0.96536934,1,1
0.73994696,1,1
0.99999976,1,1
0.9172686,1,1
0.99989164,1,1
0.98154575,1,1
0.99998987,1,1
0.7966862,1,1
0.9407024,1,1
1.0,1,1
0.9096851,1,1
0.99952936,1,1
0.9983032,1,1
0.9935516,1,1
0.8605259,1,1
0.9936947,1,1
0.9999999,1,1
0.8632998,1,1
0.99854136,1,1
1.0,1,1
0.94691306,1,1
0.9986873,1,1
0.96385926,1,1
0.9997286,1,1
0.9990723,1,1
0.80583256,1,1
0.99149346,1,1
0.99620914,1,1
0.99975914,1,1
0.99998677,1,1
0.8620053,1,1
0.84603506,1,1
0.9998715,1,1
0.8497977,1,1
0.99996436,1,1
0.9129765,1,1
0.99843234,1,1
0.99999607,1,1
0.9859138,1,1
1.0,1,1
1.0,1,1
0.9999999,1,1
0.9999809,1,1
0.9987043,1,1
0.9997887,1,1
0.97085583,1,1
0.99999964,1,1
0.92534786,1,1
0.9435792,1,1
0.99999213,1,1
0.98644185,1,1
0.9999924,1,1
0.9989693,1,1
0.9693499,1,1
0.99981576,1,1
1.0,1,1
0.9882422,1,1
0.99490696,1,1
0.9048715,1,1
0.7943158,1,1
0.99999917,1,1
0.9999999,1,1
0.9999815,1,1
0.99997795,1,1
0.98869294,1,1
1.0,1,1
0.56630427,1,1
0.99512154,1,1
0.9856184,1,1
0.99999106,1,1
0.8094194,1,1
1.0,1,1
0.9881543,1,1
0.98598677,1,1
0.93876576,1,1
0.98209375,1,1
0.70962167,1,1
0.9452173,1,1
0.9998863,1,1
0.9914438,1,1
0.9673153,1,1
0.95141685,1,1
0.821312,1,1
0.9638906,1,1
0.14853163,0,1
0.9999958,1,1
0.9979067,1,1
1.0,1,1
0.9809791,1,1
0.9969235,1,0
1.0,1,1
0.99996924,1,1
0.9999529,1,1
1.0,1,1
0.9592316,1,1
0.97432727,1,1
0.99999225,1,1
0.7033002,1,1
0.9808468,1,1
0.9999933,1,1
0.9982805,1,1
0.9930862,1,1
0.99804854,1,1
0.98242074,1,1
0.9998944,1,1
0.53024143,1,1
0.9999,1,1
0.9510144,1,1
0.9812532,1,1
1.0,1,1
0.871777,1,1
0.999977,1,1
0.99999917,1,1
0.99286,1,1
0.9713111,1,1
0.9917276,1,1
0.9997179,1,1
0.98383796,1,1
0.97912335,1,1
0.98935986,1,1
0.9999999,1,1
0.94704634,1,1
0.9898145,1,1
0.91263103,1,1
1.0,1,1
1.0,1,1
0.99995244,1,1
0.97054535,1,1
0.9961092,1,1
1.0,1,1
1.0,1,1
1.0,1,1
1.0,1,1
1.0,1,1
1.0,1,1
1.0,1,1
0.7988731,1,1
0.9973871,1,1
1.0,1,1
0.9543721,1,1
0.98083085,1,1
1.0,1,1
1.0,1,1
1.0,1,1
0.99999976,1,1
0.99999857,1,1
1.0,1,1
1.0,1,1
0.9999969,1,1
0.9791044,1,1
0.9999579,1,1
0.99982685,1,1
0.9840793,1,1
0.9971251,1,1
0.9992797,1,1
1.0,1,1
1.0,1,1
1.0,1,1
1.0,1,1
0.9978326,1,1
0.98423314,1,1
0.988639,1,1
1.0,1,1
0.9332219,1,1
0.9944317,1,1
1.0,1,1
1.0,1,1
1.0,1,1
1.0,1,1
1.0,1,1
0.99928504,1,1
1.0,1,1
0.9863101,1,1
1.0,1,1
1.0,1,1
1.0,1,1
0.9936964,1,1
0.9999989,1,1
1.0,1,1
0.99642295,1,1
1.0,1,1
0.9991241,1,1
1.0,1,1
1.0,1,1
1.0,1,1
0.9993374,1,1
1.0,1,1
1.0,1,1
1.0,1,1
0.9999883,1,1
1.0,1,1
0.9983277,1,1
0.9999964,1,1
1.0,1,1
0.9999851,1,1
1.0,1,1
1.0,1,1
1.0,1,1
1.0,1,1
1.0,1,1
0.99999964,1,1
1.0,1,1
0.99995077,1,1
0.9948078,1,1
1.0,1,1
1.0,1,1
0.99975926,1,1
0.9981996,1,1
0.99998903,1,1
1.0,1,1
1.0,1,1
0.99999285,1,1
0.97828114,1,1
0.9801616,1,1
1.0,1,1
1.0,1,1
0.9890444,1,1
1.0,1,1
0.9938797,1,1
0.99998176,1,1
1.0,1,1
0.927018,1,1
1.0,1,1
0.8830319,1,1
0.9578241,1,1
0.9898633,1,1
1.0,1,1
1.0,1,1
0.99999905,1,1
0.99962187,1,1
1.0,1,1
0.9999969,1,1
0.9991755,1,1
1.0,1,1
1.0,1,1
0.99993896,1,1
0.9999999,1,1
1.0,1,1
1.0,1,1
1.0,1,1
1.0,1,1
0.9926845,1,1
1.0,1,1
0.98512244,1,1
1.0,1,1
1.0,1,1
0.9926831,1,1
1.0,1,1
0.99589807,1,1
1.0,1,1
0.9991122,1,1
0.98585296,1,1
0.9997008,1,1
0.9924027,1,1
0.99113023,1,1
1.0,1,1
1.0,1,1
0.99890375,1,1
1.0,1,1
0.9665604,1,1
0.9998282,1,1
1.0,1,1
1.0,1,1
0.9998901,1,1
0.99981636,1,1
0.9999994,1,1
0.99985325,1,1
1.0,1,1
1.0,1,1
1.0,1,1
0.99995136,1,1
0.999997,1,1
0.99999845,1,1
0.9988765,1,1
1.0,1,1
1.0,1,1
1.0,1,1
1.0,1,1
0.9858812,1,1
0.9999999,1,1
1.0,1,1
0.9031015,1,1
0.9998281,1,1
1.0,1,1
1.0,1,1
0.9997191,1,1
1.0,1,1
0.98703206,1,1
0.9999504,1,1
1.0,1,1
1.0,1,1
0.9999999,1,1
0.99996674,1,1
0.99997354,1,1
1.0,1,1
0.9998815,1,1
1.0,1,1
0.99977857,1,1
0.9806184,1,1
0.99754024,1,1
0.99187535,1,1
0.97929686,1,1
0.996646,1,1
0.93376607,1,1
0.9824686,1,1
1.0,1,1
1.0,1,1
0.9939553,1,1
1.0,1,1
1.0,1,1
1.0,1,1
1.0,1,1
0.99989283,1,1
1.0,1,1
0.99564594,1,1
0.9936579,1,1
0.86244327,1,1
1.0,1,1
0.9697851,1,1
0.9990741,1,1
1.0,1,1
0.9999293,1,1
0.99998426,1,1
0.98035514,1,1
0.99313664,1,1
1.0,1,1
0.9726378,1,1
0.9691491,1,1
0.9984849,1,1
1.0,1,1
1.0,1,1
1.0,1,1
1.0,1,1
1.0,1,1
1.0,1,1
0.9839303,1,1
0.96426976,1,1
1.0,1,1
0.9999999,1,1
1.0,1,1
0.99999774,1,1
1.0,1,1
1.0,1,1
0.9986627,1,1
1.0,1,1
1.0,1,1
0.9936353,1,1
1.0,1,1
1.0,1,1
0.99999535,1,1
1.0,1,1
0.98269606,1,1
1.0,1,1
1.0,1,1
0.99999523,1,1
0.99940693,1,1
1.0,1,1
1.0,1,1
1.0,1,1
0.9999876,1,1
1.0,1,1
1.0,1,1
0.9999299,1,1
1.0,1,1
1.0,1,1
0.9999988,1,1
0.9999665,1,1
1.0,1,1
1.0,1,1
1.0,1,1
0.99878544,1,1
1.0,1,1
0.9999436,1,1
0.99998724,1,1
0.99996173,1,1
0.9996437,1,1
0.99965715,1,1
1.0,1,1
0.9994691,1,1
0.99999297,1,1
1.0,1,1
1.0,1,1
1.0,1,1
0.99972624,1,1
0.99876547,1,1
0.9997384,1,1
0.99989676,1,1
0.9969501,1,0
0.9621806,1,1
0.9776089,1,1
1.0,1,1
1.0,1,1
0.99989355,1,1
0.9994265,1,1
0.9999999,1,1
0.9970271,1,1
0.99272835,1,1
0.9999722,1,1
0.999995,1,1
1.0,1,1
1.0,1,1
1.0,1,1
0.99290997,1,1
0.99536645,1,1
0.99999785,1,1
0.99824643,1,1
0.9999883,1,1
0.99171513,1,1
0.99797875,1,1
0.99567956,1,1
0.99330574,1,1
1.0,1,1
1.0,1,1
1.0,1,1
0.97428244,1,1
0.99881846,1,1
1.0,1,1
0.9990114,1,1
1.0,1,1
1.0,1,1
0.99975234,1,1
1.0,1,1
0.99922204,1,1
1.0,1,1
1.0,1,1
0.9999684,1,1
0.9999229,1,1
0.9999908,1,1
1.0,1,1
0.9999999,1,1
0.9992675,1,1
0.98076266,1,1
1.0,1,1
1.0,1,1
0.995905,1,1
0.9999645,1,1
1.0,1,1
1.0,1,1
0.9990526,1,1
1.0,1,1
1.0,1,1
0.9209544,1,1
1.0,1,1
0.9999981,1,1
0.99993503,1,1
0.94023085,1,1
0.99999857,1,1
1.0,1,1
0.9992785,1,1
1.0,1,1
0.9929428,1,1
0.9997671,1,1
1.0,1,1
0.99999905,1,1
1.0,1,1
0.97766066,1,1
0.9999809,1,1
1.0,1,1
0.957245,1,1
0.9937116,1,1
0.99821377,1,1
0.9999964,1,1
0.9465812,1,1
0.99991477,1,1
0.9998185,1,1
0.99819297,1,1
1.0,1,1
0.99955446,1,1
0.99472344,1,1
0.99999213,1,1
0.9999999,1,1
1.0,1,1
0.9999844,1,1
0.9999999,1,1
1.0,1,1
0.99999857,1,1
0.99999726,1,1
1.0,1,1
1.0,1,1
1.0,1,1
0.9999987,1,1
1.0,1,1
0.99999774,1,1
0.97497374,1,1
0.97008115,1,1
1.0,1,1
1.0,1,1
0.96297896,1,1
0.97761416,1,1
1.0,1,1
0.9947948,1,1
0.9232894,1,1
0.99999905,1,1
0.99857295,1,1
0.9976344,1,1
0.9999993,1,1
0.99752396,1,1
1.0,1,1
1.0,1,1
0.99999726,1,1
1.0,1,1
0.99999976,1,1
0.997013,1,1
0.9894749,1,1
0.9999964,1,1
0.99390805,1,1
0.99999905,1,1
0.99914384,1,1
0.99999964,1,1
0.9978992,1,1
0.99852294,1,1
0.9993711,1,1
0.9997253,1,1
1.0,1,1
0.99740016,1,1
1.0,1,1
1.0,1,1
0.9929502,1,1
0.9999927,1,1
0.9999275,1,1
0.9999981,1,1
0.9999994,1,1
0.9999988,1,1
1.0,1,1
0.9999181,1,1
0.98370516,1,1
0.9922118,1,1
0.9779701,1,1
0.99444854,1,1
0.9797292,1,1
0.9987684,1,1
0.99999845,1,1
0.99867624,1,1
0.9999999,1,1
1.0,1,1
1.0,1,1
0.9994783,1,1
0.9999248,1,1
0.9999876,1,1
0.995557,1,1
0.98805285,1,1
0.984783,1,1
1.0,1,1
1.0,1,1
1.0,1,1
1.0,1,1
0.99347734,1,1
1.0,1,1
1.0,1,1
0.9999989,1,1
0.84219664,1,1
1.0,1,1
0.99762315,1,1
0.9498367,1,1
0.9998965,1,1
1.0,1,1
1.0,1,1
1.0,1,1
1.0,1,1
0.9998416,1,1
1.0,1,1
1.0,1,1
1.0,1,1
0.93164045,1,1
1.0,1,1
1.0,1,1
0.9998894,1,1
1.0,1,1
0.99999976,1,1
0.9990109,1,1
0.99999857,1,1
0.9555893,1,0
1.0,1,1
1.0,1,1
1.0,1,1
1.0,1,1
0.9999989,1,1
1.0,1,1
0.99999964,1,1
1.0,1,1
0.9999577,1,1
1.0,1,1
0.9891478,1,1
0.9960245,1,1
0.99835855,1,1
1.0,1,1
0.9859073,1,1
1.0,1,1
0.97598404,1,1
0.9996828,1,1
0.9872662,1,1
0.99972457,1,1
0.99992406,1,1
0.9998969,1,1
0.98415494,1,1
0.9892268,1,1
0.99451256,1,1
1.0,1,1
0.99998343,1,1
0.99949336,1,1
0.9986355,1,1
0.99979025,1,1
0.9997116,1,1
0.9996357,1,1
0.966685,1,1
0.9999703,1,1
0.9999989,1,1
0.9999944,1,1
0.9999168,1,1
0.9999999,1,1
0.99951696,1,1
0.9999527,1,1
0.9999621,1,1
0.99999225,1,1
0.99996114,1,1
0.9999919,1,1
0.9942162,1,1
0.99760145,1,1
1.0,1,1
1.0,1,1
1.0,1,1
0.9999503,1,1
0.99999976,1,1
0.99998176,1,1
1.0,1,1
0.9801895,1,1
1.0,1,1
0.9903598,1,1
0.9926762,1,1
0.96908665,1,1
1.0,1,1
0.99976546,1,1
0.9821014,1,1
0.9978933,1,1
0.99200153,1,1
0.9837293,1,1
0.9961945,1,1
0.99991083,1,1
0.99903524,1,1
0.99927205,1,1
1.0,1,1
0.9879671,1,1
0.9993808,1,1
0.9999958,1,1
0.9704972,1,1
0.9993612,1,1
0.99997234,1,1
1.0,1,1
0.9956878,1,1
1.0,1,1
0.9527427,1,1
0.99719584,1,1
1.0,1,1
0.99848866,1,1
0.9026455,1,1
0.9812066,1,1
0.99161166,1,1
0.99460196,1,1
0.89938414,1,1
0.9988626,1,1
1.0,1,1
1.0,1,1
0.9999995,1,1
0.99995816,1,1
0.9999963,1,1
0.9962257,1,1
0.9951748,1,1
0.99922085,1,1
1.0,1,1
0.9964,1,1
0.9999474,1,1
0.99999845,1,1
0.9764296,1,1
0.99656725,1,1
0.99887246,1,1
1.0,1,1
1.0,1,1
1.0,1,1
0.99998736,1,1
0.9999999,1,1
0.99995947,1,1
0.9477895,1,1
0.9999999,1,1
0.9981996,1,1
0.99993515,1,1
0.9527574,1,1
0.91277456,1,1
1.0,1,1
0.9999691,1,1
1.0,1,1
0.9969505,1,1
0.9422187,1,1
0.99108315,1,1
1.0,1,1
1.0,1,1
0.9988657,1,1
0.9982835,1,1
1.0,1,1
0.9681226,1,1
0.99984634,1,1
0.99999726,1,1
0.99983835,1,1
0.9999249,1,1
0.9999908,1,1
0.99999785,1,1
1.0,1,1
1.0,1,1
0.94013476,1,1
1.0,1,1
0.9922455,1,1
0.9976649,1,1
0.99892247,1,1
1.0,1,1
0.99999845,1,1
0.99997365,1,1
0.99966025,1,1
0.9946096,1,1
1.0,1,1
0.99719405,1,1
1.0,1,1
1.0,1,1
1.0,1,1
0.99838376,1,1
0.9999999,1,1
0.91130745,1,1
0.9999777,1,1
0.9843472,1,1
0.9999473,1,1
1.0,1,1
1.0,1,1
1.0,1,1
0.9999999,1,1
0.99964905,1,1
0.9999862,1,1
0.99971694,1,1
0.9999629,1,1
0.9999982,1,1
0.92690563,1,1
0.99965525,1,1
0.99732226,1,1
1.0,1,1
0.9407973,1,1
1.0,1,1
0.9999999,1,1
1.0,1,1
1.0,1,1
1.0,1,1
1.0,1,1
1.0,1,1
0.98756987,1,1
0.9436099,1,1
0.9998332,1,1
0.974182,1,1
0.99381655,1,1
1.0,1,1
0.9936626,1,1
0.9011224,1,1
1.0,1,1
0.9978975,1,1
0.9998229,1,1
0.9995197,1,1
1.0,1,1
0.99999774,1,1
1.0,1,1
0.99999774,1,1
0.9998814,1,1
0.9999503,1,1
1.0,1,1
0.99716324,1,1
1.0,1,1
0.9835503,1,1
0.9999591,1,1
0.99874157,1,1
0.99937904,1,1
0.9988148,1,1
0.9999906,1,1
1.0,1,1
0.99998975,1,1
1.0,1,1
0.99564797,1,1
0.9364861,1,1
1.0,1,1
0.99996424,1,1
0.9999999,1,1
0.99914443,1,1
0.99999094,1,1
1.0,1,1
0.9997042,1,1
0.9690062,1,1
0.9942391,1,1
0.9401537,1,1
0.9987613,1,1
0.9992706,1,1
0.9471247,1,1
0.99998844,1,1
0.98403186,1,1
1.0,1,1
0.9967332,1,1
1.0,1,1
0.95934546,1,1
0.9953927,1,1
0.9999999,1,1
1.0,1,1
0.99790156,1,1
0.9979836,1,1
0.98401666,1,1
0.9917828,1,1
1.0,1,1
0.9730155,1,1
1.0,1,1
0.9968592,1,1
0.9706011,1,1
0.9994566,1,1
1.0,1,1
0.9967829,1,1
1.0,1,1
1.0,1,1
0.9993266,1,1
1.0,1,1
1.0,1,1
0.9958994,1,1
0.9999999,1,1
0.9999937,1,1
0.99669826,1,1
0.99996054,1,1
0.9428431,1,1
1.0,1,1
0.9991768,1,1
0.9765411,1,1
0.99996614,1,1
1.0,1,1
0.9991837,1,1
1.0,1,1
0.9999988,1,1
1.0,1,1
0.95930344,1,1
0.99527043,1,1
0.9960051,1,1
1.0,1,1
0.9999964,1,1
1.0,1,1
0.99999774,1,1
1.0,1,1
0.9999968,1,1
0.9831239,1,1
0.9783844,1,1
0.97773075,1,1
1.0,1,1
1.0,1,1
1.0,1,1
1.0,1,1
0.96403784,1,1
0.9966995,1,1
0.9998472,1,1
0.998292,1,1
0.99999714,1,1
0.98305327,1,1
0.9928901,1,1
1.0,1,1
1.0,1,1
0.99933463,1,1
1.0,1,1
0.9999763,1,1
0.99947757,1,1
0.99999034,1,1
0.9916648,1,1
0.9997011,1,1
0.99998057,1,1
0.9999993,1,1
0.996768,1,1
1.0,1,1
1.0,1,1
1.0,1,1
0.9833174,1,1
0.9999007,1,1
0.991074,1,1
0.99317074,1,1
0.9813302,1,1
1.0,1,1
0.99206346,1,1
0.99841094,1,1
0.9885329,1,1
1.0,1,1
0.989374,1,1
0.99929416,1,1
0.9890799,1,1
1.0,1,1
0.99992335,1,1
1.0,1,1
1.0,1,1
0.9988613,1,1
1.0,1,1
0.99972755,1,1
0.9993486,1,1
0.9999807,1,1
1.0,1,1
1.0,1,1
1.0,1,1
1.0,1,1
0.9413688,1,1
0.99567056,1,1
0.9999937,1,1
0.9801205,1,1
1.0,1,1
1.0,1,1
1.0,1,1
1.0,1,1
0.99965394,1,1
0.99285626,1,1
0.9951683,1,1
0.9938328,1,1
0.9920622,1,1
0.9815891,1,1
0.99941623,1,1
0.9644581,1,1
0.99580944,1,1
0.99989545,1,1
0.99999964,1,1
0.99999356,1,1
0.99250925,1,1
0.9999982,1,1
0.9999691,1,1
0.99729925,1,1
0.9577737,1,1
1.0,1,1
0.9989969,1,1
1.0,1,1
0.9816412,1,1
1.0,1,1
0.999933,1,1
1.0,1,1
1.0,1,1
1.0,1,1
0.9522998,1,1
0.92024636,1,1
0.9865246,1,1
0.9962024,1,1
1.0,1,1
0.99999917,1,1
1.0,1,1
0.99272513,1,1
0.99999905,1,1
0.9999646,1,1
0.9699527,1,1
0.99972266,1,1
0.9815777,1,1
0.9999821,1,1
0.99192494,1,1
0.99931896,1,1
0.9869134,1,1
1.0,1,1
1.0,1,1
1.0,1,1
0.98132336,1,1
0.9971244,1,1
0.99989283,1,1
0.9999993,1,1
0.97619945,1,1
1.0,1,1
1.0,1,1
1.0,1,1
0.97467947,1,1
1.0,1,1
1.0,1,1
0.98555666,1,1
0.99861515,1,1
0.99568105,1,1
1.0,1,1
0.94627684,1,1
1.0,1,1
0.97580373,1,1
0.938487,1,1
0.9808656,1,1
1.0,1,1
0.9905218,1,1
0.95469934,1,1
0.9979103,1,1
0.9884786,1,1
0.99890685,1,1
0.99860424,1,1
0.99944776,1,1
0.9999831,1,1
1.0,1,1
0.99999964,1,1
1.0,1,1
0.9999989,1,1
1.0,1,1
1.0,1,1
0.9875964,1,1
0.99710447,1,0
1.0,1,1
0.9991763,1,1
1.0,1,1
0.99948394,1,1
0.99984646,1,1
0.9997924,1,1
0.9998566,1,1
0.8987859,1,1
0.9961014,1,1
0.99528944,1,1
0.9999918,1,1
0.9946989,1,1
0.99959046,1,1
0.99936694,1,1
1.0,1,1
0.9923539,1,1
0.9997087,1,1
1.0,1,1
0.99258715,1,1
0.9829305,1,1
0.999997,1,1
0.99972504,1,1
1.0,1,1
1.0,1,1
0.9999957,1,1
0.9999999,1,1
0.93778783,1,1
0.9569287,1,1
0.9994505,1,1
1.0,1,1
0.9969517,1,1
0.99679595,1,1
0.99937516,1,1
0.999979,1,1
0.99998486,1,1
1.0,1,1
1.0,1,1
1.0,1,1
0.99798954,1,1
0.995475,1,1
0.9354761,1,1
1.0,1,1
0.99999607,1,1
1.0,1,1
0.93053794,1,1
0.99992645,1,1
0.9817965,1,1
1.0,1,1
0.9979942,1,1
0.9999908,1,1
0.9748327,1,1
1.0,1,1
0.99999774,1,1
0.8913316,1,1
0.97883135,1,1
1.0,1,1
0.99653494,1,1
1.0,1,1
0.901805,1,1
0.9767022,1,1
0.88622105,1,1
1.0,1,1
0.9994671,1,1
0.9999999,1,1
0.9741426,1,1
0.9999423,1,1
1.0,1,1
1.0,1,1
0.9994597,1,1
1.0,1,1
1.0,1,1
1.0,1,1
1.0,1,1
0.9999186,1,1
0.9745112,1,1
1.0,1,1
0.9983778,1,1
0.999982,1,1
0.9939115,1,1
0.9966893,1,1
0.9999838,1,1
0.99969363,1,1
0.852608,1,1
1.0,1,1
1.0,1,1
0.9820837,1,1
0.9971397,1,1
0.9999329,1,1
0.9996357,1,1
0.99984527,1,1
1.0,1,1
0.9999999,1,1
0.999982,1,1
0.9987872,1,1
1.0,1,1
0.99999654,1,1
0.99999905,1,1
1.0,1,1
0.98833233,1,1
0.9885832,1,1
1.0,1,1
0.9974017,1,1
1.0,1,1
0.9976145,1,1
1.0,1,1
0.9990885,1,1
0.9934883,1,1
1.0,1,1
0.9875426,1,1
0.9999999,1,1
1.0,1,1
0.9998442,1,1
1.0,1,1
0.996992,1,1
0.9993204,1,1
0.9943731,1,1
0.99464935,1,1
0.9750124,1,1
0.9999695,1,1
0.9699135,1,1
0.99754936,1,1
1.0,1,1
0.9950597,1,1
0.9999883,1,1
0.9998585,1,1
1.0,1,1
0.98517275,1,1
0.9997725,1,1
1.0,1,1
0.9990608,1,1
0.999998,1,1
0.9578954,1,1
0.9320944,1,1
0.9998666,1,1
0.995494,1,1
1.0,1,1
0.9980405,1,1
0.9998178,1,1
0.99994457,1,1
0.99999714,1,1
0.9999969,1,1
1.0,1,1
1.0,1,1
0.98985755,1,1
0.9991437,1,1
1.0,1,1
0.99999344,1,1
0.9997069,1,1
0.99999225,1,1
1.0,1,1
0.9968406,1,1
0.99948287,1,1
0.9999131,1,1
0.9696343,1,1
1.0,1,1
1.0,1,1
0.9503786,1,1
1.0,1,1
0.99560815,1,1
1.0,1,1
0.9637471,1,1
0.9999684,1,1
0.95266515,1,1
0.99364483,1,1
0.9773835,1,1
0.9998784,1,1
1.0,1,1
1.0,1,1
1.0,1,1
0.9695916,1,1
0.9989531,1,1
1.0,1,1
0.99998736,1,1
1.0,1,1
0.9965479,1,1
1.0,1,1
0.9988444,1,1
1.0,1,1
0.94137114,1,1
1.0,1,1
0.999998,1,1
0.9906613,1,1
0.9972262,1,1
0.99996626,1,1
0.9948531,1,0
0.9684992,1,1
0.9999796,1,1
0.9999999,1,1
0.9957684,1,1
0.9964238,1,1
1.0,1,1
0.99452496,1,1
1.0,1,1
0.9869064,1,1
1.0,1,1
1.0,1,1
0.9999999,1,1
0.9999951,1,1
0.9999188,1,1
1.0,1,1
1.0,1,1
1.0,1,1
0.99995625,1,1
0.99968517,1,1
1.0,1,1
1.0,1,1
0.9997155,1,1
0.9969649,1,1
0.9967368,1,1
1.0,1,1
0.9426238,1,1
0.99999905,1,1
1.0,1,1
0.99519414,1,1
0.9995264,1,1
1.0,1,1
0.99840957,1,1
0.9704248,1,1
0.99999976,1,1
0.9937535,1,1
0.9999994,1,1
1.0,1,1
0.9989913,1,1
1.0,1,1
0.9893863,1,1
1.0,1,1
1.0,1,1
0.9999893,1,1
0.99999917,1,1
1.0,1,1
0.9825151,1,1
0.99999976,1,1
0.9996551,1,0
0.99972135,1,1
1.0,1,1
0.9476607,1,1
0.9996896,1,1
0.9999988,1,1
0.99999917,1,1
1.0,1,1
1.0,1,1
0.9999945,1,1
1.0,1,1
1.0,1,1
0.9952573,1,1
0.9999465,1,1
0.9330052,1,1
1.0,1,1
1.0,1,1
0.9222923,1,1
0.9994261,1,1
0.9994419,1,1
0.9999999,1,1
0.99664766,1,1
0.99485993,1,1
0.9694112,1,1
0.976669,1,1
0.9969553,1,1
0.99847513,1,1
0.94440657,1,1
0.9762273,1,1
1.0,1,1
1.0,1,1
0.9781935,1,1
1.0,1,1
1.0,1,1
0.99997604,1,1
0.98065865,1,1
0.9999913,1,1
1.0,1,1
0.9787011,1,1
1.0,1,1
1.0,1,1
0.9986872,1,1
0.9999999,1,1
0.99549615,1,1
0.9863412,1,1
0.99999976,1,1
1.0,1,1
1.0,1,1
1.0,1,1
0.9692607,1,1
1.0,1,1
0.9998217,1,1
0.9996686,1,1
0.69089186,1,1
0.9893813,1,1
1.0,1,1
0.9566194,1,1
0.9983546,1,1
1.0,1,1
0.99175584,1,1
0.9515182,1,1
0.81466836,1,1
0.9985096,1,1
0.99996936,1,1
0.99865985,1,1
1.0,1,1
0.9998246,1,1
0.9969988,1,1
0.99999785,1,1
0.89234066,1,1
0.99700767,1,1
0.97586334,1,1
0.9999993,1,1
1.0,1,1
1.0,1,1
0.9999982,1,1
0.99999845,1,1
0.9978859,1,1
0.9531401,1,1
0.9970198,1,1
0.99999475,1,1
0.9501522,1,1
1.0,1,1
0.9997731,1,1
0.99997914,1,1
0.99992025,1,1
0.979673,1,1
1.0,1,1
1.0,1,1
1.0,1,1
0.9830147,1,1
1.0,1,1
0.99986494,1,1
0.9999999,1,1
0.9351715,1,1
1.0,1,1
1.0,1,1
0.97716933,1,1
0.9429505,1,1
0.99563956,1,1
0.9847541,1,1
0.99999714,1,1
0.99879766,1,1
1.0,1,1
1.0,1,1
0.99744934,1,1
0.9994318,1,1
0.99761873,1,1
1.0,1,1
1.0,1,1
0.90055156,1,1
0.9987626,1,1
0.9998266,1,1
0.97457993,1,1
1.0,1,1
0.9924871,1,1
1.0,1,1
1.0,1,1
1.0,1,1
1.0,1,1
0.99685585,1,1
0.999974,1,1
0.9999976,1,1
1.0,1,1
0.999998,1,1
0.99983704,1,1
0.93745375,1,1
0.9012396,1,1
1.0,1,1
0.9999745,1,1
1.0,1,1
0.9712611,1,1
1.0,1,1
0.9998005,1,1
0.9999999,1,1
0.9910097,1,1
0.99900717,1,1
1.0,1,1
0.9989844,1,1
0.9792646,1,1
1.0,1,1
0.9280515,1,1
0.93938243,1,1
1.0,1,1
1.0,1,1
0.9988257,1,1
0.9999763,1,1
1.0,1,1
0.9995303,1,1
0.9999918,1,1
0.9404525,1,1
0.99999976,1,1
0.99999917,1,1
0.9990631,1,1
1.0,1,1
0.9999317,1,1
0.99922407,1,1
1.0,1,1
0.9925101,1,1
1.0,1,1
0.99626094,1,1
0.9999975,1,1
1.0,1,1
0.99999833,1,1
0.97938925,1,1
0.86914414,1,1
0.9994615,1,1
0.96759844,1,1
0.99670583,1,1
0.9482174,1,1
0.99496514,1,0
0.9999969,1,1
1.0,1,1
0.9550527,1,1
0.9913623,1,1
1.0,1,1
0.9845451,1,1
0.9999999,1,1
0.9999988,1,1
0.98274565,1,1
1.0,1,1
0.99982125,1,1
0.96765625,1,1
0.99655724,1,1
0.9999914,1,1
0.99999034,1,1
1.0,1,1
0.9927389,1,1
1.0,1,1
1.0,1,1
0.9907295,1,1
0.99997103,1,1
0.99988174,1,1
0.9999958,1,1
0.9760007,1,1
0.9999819,1,1
0.8713904,1,1
0.9995926,1,1
0.9993467,1,1
0.9999447,1,1
0.98407793,1,1
0.9999999,1,1
1.0,1,1
0.9973122,1,1
0.9999943,1,1
0.9841048,1,1
0.99999833,1,1
0.9997584,1,1
0.99999213,1,1
0.98422676,1,1
0.999998,1,1
0.7822448,1,1
0.8457883,1,1
0.9978956,1,1
0.99424416,1,1
0.999681,1,1
0.99989414,1,1
0.9999535,1,1
0.9998222,1,1
0.9358915,1,1
0.99978584,1,1
1.0,1,1
1.0,1,1
0.96290123,1,1
1.0,1,1
0.999974,1,1
1.0,1,1
0.99999666,1,1
0.9999963,1,1
0.99877805,1,1
1.0,1,1
0.99724007,1,1
0.9999757,1,1
0.99999976,1,1
0.99906224,1,1
0.9600329,1,1
0.9999578,1,1
0.999969,1,1
0.85844326,1,1
0.99968135,1,1
0.9995753,1,1
0.9878126,1,1
1.0,1,1
0.99998975,1,1
0.9906014,1,1
0.99845886,1,1
0.9999994,1,1
0.9996352,1,1
0.98648447,1,1
0.9885083,1,1
0.99953294,1,1
0.99999976,1,1
0.9037379,1,1
0.9999696,1,1
1.0,1,1
0.999925,1,1
0.9997521,1,1
0.98897004,1,1
0.97835904,1,1
0.99841726,1,1
0.99999595,1,1
0.99993324,1,1
0.99999857,1,1
0.9999982,1,1
0.99107283,1,1
0.996606,1,1
0.9999999,1,1
1.0,1,1
0.98362017,1,1
0.97342944,1,1
0.9999999,1,1
0.90024114,1,1
0.9075316,1,1
0.99999905,1,1
0.99999845,1,1
0.9999993,1,1
0.9773367,1,1
0.67268175,1,1
0.6322768,1,1
0.9827775,1,1
0.8724693,1,1
0.99999964,1,1
1.0,1,1
0.9873864,1,1
0.9999994,1,1
0.999918,1,1
0.943845,1,1
0.8843626,1,1
0.9995716,1,1
0.9960722,1,1
0.9794994,1,1
0.9998927,1,1
0.99999845,1,1
0.9991253,1,1
0.99307394,1,1
0.95760703,1,1
0.9996691,1,1
0.9890309,1,1
0.9595753,1,1
0.9999125,1,1
0.99999213,1,1
0.9999422,1,1
0.9999851,1,1
0.9999995,1,1
0.9999989,1,1
0.9269229,1,1
0.92587006,1,1
0.9416616,1,1
0.9989913,1,1
0.99865675,1,1
0.9999931,1,1
0.89615244,1,1
1.0,1,1
1.0,1,1
0.99861133,1,1
0.99991345,1,1
0.9998596,1,1
0.9998915,1,1
0.999998,1,1
1.0,1,1
0.99997103,1,1
0.99999046,1,1
0.9984041,1,1
0.9999994,1,1
1.0,1,1
0.99773175,1,1
1.0,1,1
0.9998766,1,1
0.9998629,1,1
0.99800974,1,1
0.9948378,1,1
1.0,1,1
0.7323857,1,1
0.90426075,1,1
0.9999957,1,1
0.9329433,1,1
0.99779177,1,1
0.9999999,1,1
0.99512094,1,1
0.99946934,1,1
0.99998224,1,1
0.9986094,1,1
0.9815517,1,1
0.9120971,1,1
0.9951166,1,1
0.9981311,1,1
0.9999753,1,1
0.9955238,1,1
0.99999154,1,1
0.8784487,1,1
0.99977833,1,1
0.98496926,1,1
0.8290559,1,1
0.999413,1,1
0.98947525,1,1
0.996696,1,1
0.99800557,1,1
0.97409385,1,1
0.88043326,1,1
0.99992085,1,1
0.98217034,1,1
1.0,1,1
0.9998288,1,1
0.6368365,1,1
0.99192363,1,1
0.99527514,1,1
0.9986072,1,1
1.0,1,1
0.99965835,1,1
0.9832782,1,1
0.9999945,1,1
0.961932,1,1
0.99414647,1,1
0.99768054,1,1
0.94077677,1,0
0.99996793,1,1
0.9857584,1,1
1.0,1,1
1.0,1,1
0.9985796,1,1
0.99998033,1,1
0.9920913,1,1
0.99998784,1,1
0.9972363,1,1
0.99914014,1,1
0.99999475,1,1
1.0,1,1
0.9998462,1,1
0.9672363,1,1
1.0,1,1
0.9992638,1,1
0.99991167,1,1
0.9978891,1,1
0.99670106,1,1
0.83105296,1,1
0.992588,1,1
0.9914772,1,1
0.9998996,1,1
0.9999999,1,1
0.9999987,1,1
0.93198514,1,1
1.0,1,1
1.0,1,1
1.0,1,1
0.6009953,1,1
0.966931,1,1
0.9997278,1,1
1.0,1,1
0.9891376,1,1
0.8820556,1,1
0.8649139,1,1
0.9999902,1,1
0.9907746,1,1
0.99997294,1,1
0.9973781,1,1
0.9611645,1,1
1.0,1,1
0.9999963,1,1
0.99979955,1,1
0.93806595,1,1
1.0,1,1
0.9999938,1,1
0.9932463,1,1
0.9929097,1,1
0.99999964,1,1
0.94453317,1,1
0.9936329,1,1
0.9972366,1,1
0.97408617,1,1
0.9887089,1,1
0.904841,1,1
0.96556294,1,1
0.99958116,1,1
0.99999034,1,1
0.9999999,1,1
0.9999999,1,1
0.9998286,1,1
0.9602607,1,1
0.99999785,1,1
0.9767254,1,1
1.0,1,1
0.9561002,1,1
0.99993944,1,1
0.999595,1,1
0.910953,1,1
0.9800101,1,1
0.99930453,1,1
0.99809426,1,1
0.9995408,1,1
1.0,1,1
0.99977666,1,1
0.9997367,1,1
1.0,1,1
0.98948485,1,1
0.9853576,1,1
0.796364,1,1
0.99699306,1,1
0.9999999,1,1
0.99971324,1,1
0.9987956,1,1
0.9970932,1,1
0.9999895,1,1
0.9999232,1,1
0.99999774,1,1
0.9998677,1,1
0.99795204,1,1
0.99912983,1,1
0.99930453,1,1
0.99911827,1,1
0.9951284,1,1
0.99714607,1,1
0.99550855,1,1
0.9998192,1,1
0.9993975,1,1
0.9934822,1,1
0.99999976,1,1
0.99744725,1,1
0.9997373,1,1
0.99998903,1,1
0.9967307,1,1
0.99999,1,1
0.99997973,1,1
0.9853955,1,1
0.9988543,1,1
0.93636435,1,1
1.0,1,1
1.0,1,1
0.99789256,1,1
1.0,1,1
0.9999443,1,1
0.9999081,1,1
0.90889764,1,1
0.9711949,1,1
1.0,1,1
0.98747545,1,1
0.99724543,1,1
0.9999999,1,1
0.9997422,1,1
0.9931085,1,1
0.9998958,1,1
0.99901354,1,1
0.9999708,1,1
0.99682283,1,1
1.0,1,1
0.91265947,1,1
0.99611986,1,1
0.99996984,1,1
0.99998176,1,1
1.0,1,1
0.99999976,1,1
0.9977896,1,1
0.99700576,1,1
1.0,1,1
0.99920386,1,1
0.9993855,1,1
0.9987154,1,1
0.988485,1,1
0.998454,1,1
0.9064343,1,1
0.99682117,1,1
0.9999645,1,1
0.99996686,1,1
0.99957675,1,1
0.9980636,1,1
0.9993241,1,1
0.99999523,1,1
0.9999095,1,1
0.9997162,1,1
0.9999938,1,1
0.9996489,1,1
0.9955056,1,1
0.9973206,1,1
0.9999826,1,1
0.99818003,1,1
0.9999964,1,1
0.98288906,1,1
0.99759525,1,1
0.85738975,1,1
0.999967,1,1
0.97979057,1,1
0.9822192,1,1
0.9999995,1,1
0.9992138,1,1
0.9987205,1,1
0.99999964,1,1
1.0,1,1
0.99634886,1,1
0.99990976,1,1
0.99912184,1,1
0.99996483,1,1
0.99999774,1,1
0.99999917,1,1
0.9999981,1,1
0.9956287,1,1
0.9976852,1,1
0.9999784,1,1
1.0,1,1
0.99844056,1,1
0.99436533,1,1
0.9995701,1,1
0.9519205,1,1
0.99999475,1,1
1.0,1,1
0.9999813,1,1
0.99999607,1,1
0.9996629,1,1
0.8192172,1,1
0.9999949,1,1
0.99926263,1,1
0.9953094,1,1
0.87585217,1,1
0.99990344,1,1
0.99614716,1,1
0.99953985,1,1
0.99959415,1,1
0.99954885,1,1
0.9912339,1,1
0.99923766,1,1
0.999997,1,1
1.0,1,1
0.9999962,1,1
0.9995789,1,1
0.99538785,1,1
0.9999671,1,1
0.91056645,1,1
0.99999976,1,1
1.0,1,1
0.9997434,1,1
0.9999521,1,1
0.9860647,1,1
0.9998597,1,1
0.9999976,1,1
0.76276,1,1
1.0,1,1
0.9967865,1,1
0.9998435,1,1
0.999985,1,1
0.999143,1,1
0.9999517,1,1
0.995833,1,1
1.0,1,1
0.9999864,1,1
1.0,1,1
0.9999118,1,1
0.997997,1,1
0.86617815,1,1
0.8181033,1,1
0.99870956,1,1
0.97830826,1,1
0.9992969,1,1
0.9998061,1,1
0.99764556,1,1
0.99972504,1,1
0.9999906,1,1
0.9946261,1,1
0.9814036,1,1
0.99656844,1,1
0.9999125,1,1
0.99992144,1,1
0.9996915,1,1
0.9997367,1,1
0.9999685,1,1
0.999977,1,1
0.99801505,1,1
0.9990941,1,1
0.9999734,1,1
0.9999646,1,1
0.9998449,1,1
1.0,1,1
0.9710094,1,1
0.9999299,1,1
1.0,1,1
0.9658184,1,1
0.99999964,1,1
0.9999999,1,1
0.48738042,0,1
0.9999285,1,1
0.99983764,1,1
0.9992853,1,1
0.9926278,1,1
0.8670587,1,1
0.9999995,1,1
0.9985794,1,1
0.99995935,1,1
0.9999825,1,1
0.9800433,1,1
0.99615794,1,1
0.9989442,1,1
0.99975306,1,1
1.0,1,1
0.99999595,1,1
0.9950782,1,1
0.9942298,1,1
0.9989385,1,1
0.99997115,1,1
0.99997866,1,1
0.9999995,1,1
0.996606,1,1
0.999383,1,1
0.99373686,1,1
0.99985814,1,1
0.9999869,1,1
0.99999547,1,1
1.0,1,1
0.9968958,1,1
0.99942505,1,1
0.99002516,1,1
0.9927966,1,1
0.9988907,1,1
0.99997866,1,1
0.9829444,1,1
0.98509777,1,1
0.9999722,1,1
0.9520326,1,1
0.99181855,1,1
0.9500106,1,1
0.99999905,1,1
1.0,1,1
1.0,1,1
0.9982881,1,1
0.99999964,1,1
0.999255,1,1
0.99918693,1,1
0.998941,1,1
0.9999981,1,1
0.99979216,1,1
0.99721056,1,1
0.98589534,1,1
0.99883014,1,1
0.99930894,1,1
0.999998,1,1
0.99986637,1,1
1.0,1,1
0.99999833,1,1
0.9999976,1,1
0.99013126,1,1
1.0,1,1
0.9975871,1,1
0.99078053,1,1
0.9992925,1,1
0.9965939,1,1
1.0,1,1
0.9999927,1,1
0.9999473,1,1
0.9999505,1,1
0.99642926,1,1
0.98105067,1,1
1.0,1,1
0.99986243,1,1
0.9880482,1,1
1.0,1,1
1.0,1,1
0.99991214,1,1
0.9999918,1,1
0.9999329,1,1
0.98957473,1,1
0.99968123,1,1
0.9999591,1,1
0.99949396,1,1
1.0,1,1
0.9997794,1,1
0.9971943,1,1
0.9941438,1,1
0.99743927,1,1
1.0,1,1
0.9912531,1,1
0.99994004,1,1
0.99999774,1,1
1.0,1,1
1.0,1,1
0.9968532,1,1
0.96971446,1,1
0.9998677,1,1
0.999841,1,1
0.9878441,1,1
0.9948559,1,1
0.99998605,1,1
0.999818,1,1
0.9945134,1,1
1.0,1,1
0.9999975,1,1
0.9991604,1,1
0.99995077,1,1
0.9730324,1,1
0.99999905,1,1
0.99817693,1,1
0.9644589,1,1
0.9989022,1,1
0.9999924,1,1
0.9980767,1,1
0.98944634,1,1
0.95791256,1,1
0.9720191,1,1
0.97157234,1,1
0.99995077,1,1
1.0,1,1
0.99977154,1,1
0.5422945,1,1
0.9982687,1,1
0.99752575,1,1
0.9999052,1,1
0.9884743,1,1
1.0,1,1
1.0,1,1
0.99746215,1,1
0.9728423,1,1
0.9963075,1,1
0.99956447,1,1
0.999992,1,1
1.0,1,1
0.9999527,1,1
0.9992397,1,1
0.99994016,1,1
0.99986076,1,1
0.99998975,1,1
0.9996712,1,1
0.9999502,1,1
0.9561292,1,1
0.99999464,1,1
0.99935657,1,1
0.99739885,1,1
0.99797684,1,1
0.9768918,1,1
0.9985631,1,1
0.99999106,1,1
0.99947494,1,1
0.99994147,1,1
1.0,1,1
0.9999074,1,1
0.9900663,1,1
0.99770457,1,1
0.9996245,1,1
0.9999863,1,1
0.9999951,1,1
0.9998977,1,1
0.9999752,1,1
0.9999981,1,1
0.9999579,1,1
0.9999857,1,1
1.0,1,1
0.9990984,1,1
0.9993687,1,1
0.99999607,1,1
0.9842627,1,1
1.0,1,1
0.9999869,1,1
0.9999683,1,1
0.9996511,1,1
0.99989045,1,1
0.99260795,1,1
0.9993186,1,1
0.9995146,1,1
0.9955628,1,1
0.99940884,1,1
0.9999186,1,1
0.98569345,1,1
0.99998844,1,1
0.9990127,1,1
0.9999814,1,1
0.9999927,1,1
1.0,1,1
0.9999943,1,1
1.0,1,1
0.99692434,1,1
0.9999665,1,1
0.9999989,1,1
0.9977118,1,1
0.98859334,1,1
0.9963018,1,1
0.99866354,1,1
0.99999964,1,1
0.996828,1,1
0.9999956,1,1
0.9999999,1,1
0.99999976,1,1
1.0,1,1
1.0,1,1
0.9999051,1,1
1.0,1,1
0.9999995,1,1
1.0,1,1
1.0,1,1
0.99997497,1,1
0.99999976,1,1
1.0,1,1
1.0,1,1
1.0,1,1
1.0,1,1
0.99984777,1,1
1.0,1,1
1.0,1,1
0.99999666,1,1
1.0,1,1
0.9999279,1,1
0.99940276,1,1
0.991767,1,1
0.96761113,1,1
0.9999021,1,1
0.99796224,1,1
0.9991264,1,1
0.99999976,1,1
0.9999999,1,1
0.9987835,1,1
0.99985874,1,1
1.0,1,1
1.0,1,1
1.0,1,1
1.0,1,1
0.99998784,1,1
0.99990773,1,1
1.0,1,1
1.0,1,1
1.0,1,1
1.0,1,1
0.99999976,1,1
0.9996842,1,1
1.0,1,1
1.0,1,1
1.0,1,1
0.9563302,1,1
0.95288515,1,1
0.9550924,1,1
1.0,1,1
0.994379,1,1
0.9974632,1,1
1.0,1,1
1.0,1,1
1.0,1,1
0.9999908,1,1
1.0,1,1
1.0,1,1
0.99999964,1,1
0.9999999,1,1
0.9998703,1,1
0.9996226,1,1
0.99999666,1,1
1.0,1,1
0.9934596,1,0
0.9999006,1,1
0.9999994,1,1
1.0,1,1
0.9900477,1,1
1.0,1,1
1.0,1,1
0.9723603,1,1
0.9364921,1,1
0.99999964,1,1
1.0,1,1
1.0,1,1
0.9969182,1,1
1.0,1,1
0.9999857,1,1
0.8998144,1,1
1.0,1,1
0.99998736,1,1
1.0,1,1
0.9999944,1,1
1.0,1,1
1.0,1,1
0.9107248,1,1
0.9999999,1,1
0.9959596,1,1
1.0,1,1
0.995387,1,0
0.9911479,1,0
0.975844,1,1
0.99685955,1,1
0.9999362,1,1
1.0,1,1
1.0,1,1
0.99999416,1,1
0.9935407,1,1
0.9999167,1,1
0.99891937,1,1
1.0,1,1
0.999374,1,1
0.9996326,1,1
0.9999759,1,1
0.999995,1,1
0.9999925,1,1
1.0,1,1
0.9960334,1,1
0.99924374,1,1
1.0,1,1
1.0,1,1
1.0,1,1
0.9792758,1,1
0.9954405,1,1
0.9995146,1,1
0.99027306,1,1
0.99866915,1,0
1.0,1,1
0.9986117,1,1
1.0,1,1
0.9997979,1,1
0.99445915,1,1
1.0,1,1
0.94027257,1,1
0.99920696,1,1
0.9999968,1,1
0.9973246,1,1
0.99971014,1,1
0.9999999,1,1
0.9999999,1,1
0.9999994,1,1
1.0,1,1
0.99193734,1,1
0.9999999,1,1
0.98994994,1,1
1.0,1,1
0.99891126,1,1
0.99988365,1,1
0.99999964,1,1
0.9997961,1,1
0.9999999,1,1
1.0,1,1
0.99520665,1,1
1.0,1,1
0.9998246,1,1
0.9989648,1,1
0.99926883,1,1
0.9942865,1,1
0.9999999,1,1
0.9971493,1,1
0.9999932,1,1
0.99999857,1,1
0.9999993,1,1
0.98137224,1,1
1.0,1,1
0.99997723,1,1
0.9999794,1,1
0.9999776,1,1
1.0,1,1
0.9999958,1,1
0.9997228,1,1
1.0,1,1
0.99999976,1,1
0.96590257,1,1
0.9999995,1,1
0.9999987,1,1
0.9999999,1,1
1.0,1,1
1.0,1,1
0.9994918,1,1
1.0,1,1
1.0,1,1
1.0,1,1
1.0,1,1
0.99923825,1,1
0.9999622,1,1
0.9998171,1,1
0.93575054,1,1
0.9920027,1,1
1.0,1,1
0.930074,1,1
0.9916917,1,1
0.9999949,1,1
1.0,1,1
0.99964404,1,1
0.9679083,1,1
0.9999957,1,1
0.99738806,1,1
0.99540484,1,1
0.99998367,1,1
0.99045336,1,1
1.0,1,1
0.99999905,1,1
0.9202163,1,0
0.9971661,1,1
1.0,1,1
0.99999726,1,1
0.99813384,1,1
1.0,1,1
1.0,1,1
0.9902423,1,0
1.0,1,1
0.994835,1,1
0.97371304,1,1
0.9994485,1,1
1.0,1,1
1.0,1,1
0.99995184,1,1
0.9999987,1,1
0.99958175,1,1
1.0,1,1
1.0,1,1
1.0,1,1
1.0,1,1
1.0,1,1
0.8751375,1,1
0.9999758,1,1
0.9476003,1,1
0.9994147,1,1
0.8782831,1,1
1.0,1,1
0.99933356,1,1
0.9690782,1,1
0.9999449,1,1
0.98735136,1,1
0.9999858,1,1
0.9994253,1,1
1.0,1,1
1.0,1,1
0.9999964,1,1
0.98362005,1,1
0.99746263,1,1
1.0,1,1
1.0,1,1
1.0,1,1
0.9905805,1,1
0.9521173,1,1
0.999967,1,1
1.0,1,1
0.999949,1,1
0.9778861,1,1
0.986697,1,1
0.99999464,1,1
0.9997303,1,1
1.0,1,1
0.9934922,1,1
0.99990153,1,1
0.99970764,1,1
0.9999994,1,1
1.0,1,1
0.991024,1,1
1.0,1,1
0.9999995,1,1
0.94214875,1,1
0.993382,1,1
0.9777413,1,1
0.9623142,1,1
0.9255251,1,1
0.99450463,1,1
0.9753493,1,1
0.99999654,1,1
0.9987103,1,1
0.9999999,1,1
0.99999654,1,1
0.99990344,1,1
0.95034933,1,1
0.9999995,1,1
0.9999589,1,1
0.99999785,1,1
1.0,1,1
0.9939346,1,1
1.0,1,1
0.9979127,1,1
1.0,1,1
1.0,1,1
0.90731776,1,1
0.99999774,1,1
1.0,1,1
0.9999975,1,1
1.0,1,1
1.0,1,1
1.0,1,1
1.0,1,1
0.9999994,1,1
0.9984504,1,1
1.0,1,1
0.9999999,1,1
0.99896395,1,1
0.9966217,1,1
0.99667895,1,1
1.0,1,1
0.96463716,1,1
0.9999862,1,1
0.96852833,1,1
0.9998566,1,1
0.8922245,1,1
0.99999976,1,1
1.0,1,1
0.99999774,1,1
0.99992526,1,1
0.8595341,1,1
0.9705694,1,1
1.0,1,1
1.0,1,1
0.9999999,1,1
0.821817,1,1
0.9994235,1,1
0.99999356,1,1
0.9975973,1,1
0.9971359,1,1
0.99985754,1,1
1.0,1,1
0.9933255,1,1
0.99794096,1,1
0.999961,1,1
0.9999995,1,1
0.9999989,1,1
1.0,1,1
0.99998224,1,1
1.0,1,1
0.9400675,1,1
1.0,1,1
0.99999034,1,1
0.893985,1,1
0.99999917,1,1
1.0,1,1
0.9943756,1,1
0.9760716,1,1
0.99995077,1,1
0.99999225,1,1
1.0,1,1
0.99999964,1,1
0.99999976,1,1
0.99967265,1,1
1.0,1,1
0.99997437,1,1
0.99921286,1,1
0.9999949,1,1
0.99763596,1,1
0.963597,1,1
1.0,1,1
0.9999982,1,1
0.9999374,1,1
0.99992025,1,1
0.99788266,1,1
0.9998834,1,1
0.99999917,1,1
0.9999988,1,1
0.81346494,1,1
0.9999993,1,1
0.96840817,1,0
0.9823398,1,1
0.999511,1,1
0.999762,1,1
0.9956045,1,1
0.9724811,1,1
1.0,1,1
0.9990489,1,1
0.9999304,1,1
0.9957937,1,1
0.99974364,1,1
0.9999722,1,1
0.9995468,1,1
0.99984396,1,1
0.9389406,1,0
1.0,1,1
0.94649285,1,1
0.9999585,1,1
1.0,1,1
1.0,1,1
0.98611265,1,1
1.0,1,1
0.99999845,1,1
1.0,1,1
0.999529,1,0
1.0,1,1
0.9988882,1,1
0.9881626,1,1
0.8813759,1,1
0.8916813,1,1
1.0,1,1
1.0,1,1
0.9997191,1,1
0.97447556,1,1
0.99999964,1,1
1.0,1,1
0.9997229,1,1
0.99874336,1,1
0.98382723,1,1
0.9997342,1,1
0.9999994,1,1
0.99999964,1,1
0.9997209,1,1
0.9999883,1,1
1.0,1,1
0.99736077,1,1
0.9994223,1,1
0.99999976,1,1
0.97198075,1,1
0.99956626,1,1
0.98865896,1,1
1.0,1,1
0.9778438,1,1
0.99554425,1,1
0.9999975,1,1
0.9999949,1,1
0.9951865,1,1
0.9981962,1,1
0.99880016,1,1
0.99994504,1,1
0.99999905,1,1
0.93315905,1,1
0.9999989,1,1
0.99999976,1,1
0.98224556,1,1
0.9999453,1,1
0.9999951,1,1
0.9997756,1,0
0.99999857,1,1
0.99970776,1,1
1.0,1,1
0.99965036,1,1
0.9107085,1,1
0.9987717,1,1
0.88695544,1,1
1.0,1,1
0.9999995,1,1
1.0,1,1
0.9999889,1,1
1.0,1,1
0.96594995,1,1
0.93928325,1,1
0.9999006,1,1
0.99568105,1,1
1.0,1,1
0.91413456,1,1
0.99907863,1,1
0.9999894,1,1
0.9999975,1,1
0.999342,1,1
0.99629265,1,1
0.99891233,1,1
1.0,1,1
0.99729496,1,1
0.99998844,1,1
1.0,1,1
1.0,1,1
0.99999976,1,1
0.99939764,1,1
0.9999665,1,1
1.0,1,1
0.99997985,1,1
1.0,1,1
1.0,1,1
0.99023134,1,1
0.98341644,1,1
0.99999976,1,1
0.9998988,1,1
0.9902292,1,1
0.9999982,1,1
0.97869295,1,1
0.9999999,1,1
0.9999839,1,1
0.877535,1,1
0.99999,1,1
0.9999993,1,1
1.0,1,1
0.9992467,1,1
0.9999949,1,1
0.99998033,1,1
1.0,1,1
0.9993767,1,1
0.9987196,1,1
0.99466974,1,1
0.99646217,1,1
0.9602107,1,0
0.94218177,1,0
0.9999969,1,1
0.99984086,1,1
0.99965537,1,1
0.9999976,1,1
0.7110312,1,1
0.9626469,1,1
1.0,1,1
1.0,1,1
1.0,1,1
0.9984831,1,1
0.9999999,1,1
1.0,1,1
1.0,1,1
0.9999583,1,1
0.9273857,1,1
0.9649869,1,1
1.0,1,1
1.0,1,1
0.9613277,1,0
0.9995604,1,1
0.99999857,1,1
0.86752075,1,1
0.9999994,1,1
1.0,1,1
0.99966204,1,1
0.99993646,1,1
0.9998258,1,1
0.99999285,1,1
0.98462486,1,0
0.99661475,1,0
1.0,1,1
1.0,1,1
0.99999845,1,1
0.9998271,1,1
0.98060554,1,1
0.997465,1,1
0.9999999,1,1
0.99969745,1,1
1.0,1,1
1.0,1,1
0.69239104,1,1
1.0,1,1
0.9621608,1,1
0.9960145,1,0
0.99999964,1,1
1.0,1,1
0.9965873,1,1
0.9446865,1,1
1.0,1,1
0.99974877,1,1
0.9260266,1,1
0.99979764,1,1
0.9999989,1,1
0.99999714,1,1
0.9529544,1,1
1.0,1,1
1.0,1,1
0.99999404,1,1
0.999998,1,1
1.0,1,1
1.0,1,1
0.99001324,1,1
1.0,1,1
0.9999995,1,1
0.9999969,1,1
0.99999785,1,1
0.99986064,1,1
0.98665684,1,1
0.9878051,1,1
0.99999833,1,1
0.9012216,1,1
0.99999094,1,1
0.994292,1,1
0.99885714,1,1
0.9925068,1,1
0.9999436,1,1
0.9999993,1,1
1.0,1,1
0.99752456,1,1
0.9998504,1,1
0.9999964,1,1
0.99982893,1,1
0.99979323,1,1
1.0,1,1
0.9999796,1,1
0.99854577,1,1
0.9976761,1,1
0.9959573,1,1
1.0,1,1
1.0,1,1
0.99695385,1,1
0.99930525,1,1
1.0,1,1
0.9999956,1,1
0.9999969,1,1
0.8456033,1,1
0.9983412,1,1
0.9999114,1,1
1.0,1,1
1.0,1,1
0.99998474,1,1
0.99995255,1,1
0.9998222,1,1
1.0,1,1
1.0,1,1
0.9516301,1,1
0.99662054,1,1
0.9990753,1,1
1.0,1,1
1.0,1,1
0.9999869,1,1
0.99992895,1,1
1.0,1,1
0.9999951,1,1
1.0,1,1
0.99985504,1,0
1.0,1,1
0.9992673,1,1
0.99994826,1,1
1.0,1,1
1.0,1,1
0.9543356,1,1
1.0,1,1
0.9999999,1,1
0.9671924,1,1
0.9999999,1,1
0.99508023,1,1
0.9999987,1,1
0.9826837,1,1
1.0,1,1
0.99994826,1,1
0.9999882,1,1
1.0,1,1
1.0,1,1
0.9981312,1,1
0.9434489,1,1
0.9999981,1,1
0.99992347,1,1
0.99996877,1,1
0.99939895,1,1
0.99999845,1,1
1.0,1,1
0.999995,1,1
0.99995947,1,1
0.9887903,1,1
0.9825036,1,1
0.9999223,1,1
0.99255025,1,1
0.9998148,1,1
0.9999958,1,1
1.0,1,1
0.9830792,1,1
1.0,1,1
0.88955766,1,0
0.9999852,1,1
1.0,1,1
0.9999982,1,1
1.0,1,1
1.0,1,1
0.99980766,1,1
0.9996662,1,1
0.9573167,1,1
0.9965275,1,1
0.9767858,1,1
0.99993074,1,1
0.8682443,1,0
0.99999905,1,1
0.99652594,1,1
0.9570644,1,1
0.9681722,1,1
0.9982967,1,1
0.9915215,1,1
1.0,1,1
0.9780707,1,1
0.9999428,1,1
0.99985135,1,1
1.0,1,1
0.9897083,1,1
0.9876143,1,1
0.99888486,1,1
0.9332367,1,1
0.9928665,1,1
0.9999999,1,1
0.9933401,1,1
1.0,1,1
0.9408888,1,1
0.99724764,1,1
0.8387277,1,1
0.9999999,1,1
0.9999974,1,1
0.9993563,1,1
1.0,1,1
0.99125284,1,1
0.8280729,1,1
0.9995394,1,1
0.9998702,1,1
0.9995042,1,1
1.0,1,1
0.9999999,1,1
0.9999993,1,1
1.0,1,1
0.9999771,1,1
1.0,1,1
0.9891254,1,1
0.9374923,1,1
0.99988294,1,1
0.9999999,1,1
0.9959495,1,1
0.994076,1,1
0.99992,1,1
0.9999056,1,1
0.9984534,1,1
0.99303097,1,1
0.9747935,1,1
0.9957592,1,1
0.9975309,1,1
0.99999964,1,1
0.9890887,1,1
0.99996614,1,1
0.9994074,1,1
0.9764464,1,1
0.9804669,1,1
0.9999087,1,1
0.99959093,1,1
0.99995255,1,1
1.0,1,1
0.9999845,1,1
0.99995744,1,1
1.0,1,1
0.99051535,1,1
0.9869316,1,1
0.9999974,1,1
0.99461114,1,1
0.99925524,1,1
0.9999999,1,1
0.9902097,1,1
0.9968732,1,1
0.98343796,1,1
1.0,1,1
1.0,1,1
0.9932174,1,1
0.9381142,1,1
0.9999546,1,1
0.98938143,1,1
1.0,1,1
1.0,1,1
1.0,1,1
0.99989486,1,1
0.94069403,1,1
1.0,1,1
1.0,1,1
1.0,1,1
0.99999964,1,1
1.0,1,1
1.0,1,1
1.0,1,1
0.9873144,1,1
1.0,1,1
1.0,1,1
1.0,1,1
1.0,1,1
1.0,1,1
0.9999614,1,1
0.9844199,1,1
0.9998497,1,1
1.0,1,1
0.93041885,1,1
0.99452823,1,0
0.9995603,1,1
0.9999994,1,1
0.99999523,1,1
0.99996746,1,1
0.98844635,1,1
1.0,1,1
0.94429946,1,1
0.9999994,1,1
1.0,1,1
0.99999976,1,1
0.98003656,1,1
0.9999994,1,1
1.0,1,1
0.9961205,1,1
0.999987,1,1
0.9997218,1,1
0.9994006,1,1
0.9533265,1,1
0.99900395,1,1
0.98005545,1,1
1.0,1,1
1.0,1,1
0.93205106,1,1
0.9999999,1,1
0.99985814,1,1
0.8709676,1,1
0.9993999,1,1
0.9867857,1,0
1.0,1,1
0.89338434,1,1
1.0,1,1
1.0,1,1
1.0,1,1
0.9178086,1,1
0.9983689,1,1
1.0,1,1
0.999967,1,1
0.9994006,1,1
1.0,1,1
0.9760919,1,1
0.8962645,1,1
0.9999893,1,1
0.9998498,1,1
0.99999833,1,1
0.9999981,1,1
0.9700777,1,1
1.0,1,1
0.99747723,1,1
0.97652936,1,1
1.0,1,1
0.9759957,1,1
0.99987984,1,1
0.9999981,1,1
0.9999951,1,1
1.0,1,1
0.84080315,1,0
0.9998311,1,1
0.99999774,1,1
0.9974171,1,1
0.97229487,1,1
0.99996424,1,1
0.99974066,1,1
0.9807827,1,1
0.9760197,1,1
0.99965143,1,1
0.9999999,1,1
0.99620265,1,1
1.0,1,1
0.9878973,1,1
0.997306,1,1
0.99356717,1,1
0.9999988,1,1
0.9999529,1,1
1.0,1,1
0.99955136,1,1
0.99619734,1,1
0.9999995,1,1
0.9913033,1,1
0.99994206,1,1
1.0,1,1
0.9652404,1,1
1.0,1,1
1.0,1,1
0.99877316,1,1
0.9812273,1,1
0.9953412,1,1
0.9025347,1,1
1.0,1,1
0.99999976,1,1
0.96661377,1,1
1.0,1,1
0.9999821,1,1
0.9361404,1,1
1.0,1,1
0.97110987,1,1
0.9994418,1,1
0.9975672,1,1
1.0,1,1
0.999746,1,1
1.0,1,1
1.0,1,1
1.0,1,1
0.99766266,1,1
1.0,1,1
0.999997,1,1
0.99998415,1,1
1.0,1,1
1.0,1,1
1.0,1,1
1.0,1,1
0.97588,1,0
0.9966509,1,0
0.9955461,1,1
1.0,1,1
1.0,1,1
1.0,1,1
0.9450182,1,0
1.0,1,1
0.99998724,1,1
1.0,1,1
0.99999833,1,1
1.0,1,1
0.9999993,1,1
0.9693467,1,1
0.9999924,1,1
1.0,1,1
0.97674346,1,1
1.0,1,1
0.9999999,1,1
0.9999999,1,1
1.0,1,1
1.0,1,1
0.9985329,1,1
1.0,1,1
1.0,1,1
0.9874291,1,1
0.9946296,1,1
0.94735396,1,1
0.9999678,1,1
1.0,1,1
1.0,1,1
0.9976726,1,1
0.9999958,1,1
0.9961074,1,1
0.9944073,1,1
0.9998486,1,1
1.0,1,1
0.99941003,1,0
0.99994314,1,1
0.9938632,1,1
1.0,1,1
0.99108475,1,1
1.0,1,1
0.9999994,1,1
1.0,1,1
0.9999995,1,1
0.9999999,1,1
1.0,1,1
1.0,1,1
1.0,1,1
1.0,1,1
1.0,1,1
0.99999034,1,1
0.9542039,1,1
0.9999937,1,1
0.99996626,1,1
0.99999595,1,1
0.9998468,1,1
0.995154,1,1
0.96876925,1,1
1.0,1,1
0.9999999,1,1
1.0,1,1
1.0,1,1
1.0,1,1
1.0,1,1
1.0,1,1
0.99999964,1,1
0.9989021,1,1
0.99999845,1,1
0.99999523,1,1
1.0,1,1
0.983687,1,0
1.0,1,1
1.0,1,1
0.99910706,1,1
0.99998724,1,1
0.9999994,1,1
1.0,1,1
0.9999999,1,1
1.0,1,1
1.0,1,1
0.9977418,1,0
0.9999999,1,1
0.9999995,1,1
0.9999844,1,1
0.99937797,1,1
1.0,1,1
1.0,1,1
0.99927205,1,1
1.0,1,1
0.9999906,1,1
0.9930026,1,1
1.0,1,1
1.0,1,1
0.9683071,1,1
0.99963903,1,1
0.9998716,1,1
0.9999999,1,1
1.0,1,1
0.9999689,1,1
0.9999995,1,1
0.9974758,1,1
1.0,1,1
0.99999917,1,1
1.0,1,1
1.0,1,1
1.0,1,1
0.9977221,1,1
1.0,1,1
1.0,1,1
0.9999994,1,1
0.99999976,1,1
1.0,1,1
0.9969599,1,1
0.9999534,1,1
0.9996865,1,1
0.99991953,1,1
1.0,1,1
1.0,1,1
1.0,1,1
0.9999993,1,1
1.0,1,1
1.0,1,1
0.9999714,1,1
0.9999964,1,1
1.0,1,1
0.9672462,1,1
0.9831992,1,0
0.9972529,1,1
0.97298783,1,1
1.0,1,1
0.96080005,1,0
0.9998827,1,1
1.0,1,1
0.9999982,1,1
1.0,1,1
0.9999764,1,1
1.0,1,1
0.9290891,1,0
0.9999981,1,1
0.99999845,1,1
1.0,1,1
0.9999888,1,1
1.0,1,1
1.0,1,1
0.99406403,1,1
1.0,1,1
0.9999988,1,1
0.9999604,1,1
1.0,1,1
0.88768125,1,1
0.8660219,1,0
0.99998236,1,1
0.9976707,1,1
0.957148,1,1
0.884597,1,1
0.999992,1,1
0.9999883,1,1
0.99847203,1,1
1.0,1,1
0.9992539,1,1
0.9999988,1,1
0.94368845,1,1
0.9999869,1,1
0.99979085,1,1
0.9287991,1,0
0.9999938,1,1
1.0,1,1
1.0,1,1
1.0,1,1
1.0,1,1
1.0,1,1
1.0,1,1
1.0,1,1
1.0,1,1
0.9973369,1,1
1.0,1,1
0.9999819,1,1
0.99999774,1,1
0.9999907,1,1
1.0,1,1
1.0,1,1
0.99999416,1,1
0.999985,1,1
1.0,1,1
1.0,1,1
1.0,1,1
0.99351305,1,1
0.934044,1,0
1.0,1,1
0.9066153,1,0
0.9999385,1,1
1.0,1,1
0.9999975,1,1
0.9990482,1,1
0.9999975,1,1
0.99999094,1,1
1.0,1,1
1.0,1,1
1.0,1,1
0.9999999,1,1
0.9999994,1,1
1.0,1,1
0.99748874,1,0
0.9999875,1,1
0.99999857,1,1
0.9939564,1,0
0.9872011,1,1
0.9999962,1,1
0.99999726,1,1
0.98209965,1,1
1.0,1,1
0.9998683,1,1
0.9999913,1,1
1.0,1,1
0.9983627,1,1
1.0,1,1
0.9999999,1,1
0.9889482,1,0
1.0,1,1
0.9890267,1,1
0.9713651,1,1
0.9999974,1,1
1.0,1,1
1.0,1,1
0.99991333,1,1
1.0,1,1
1.0,1,1
0.9998399,1,1
0.9998123,1,1
0.9997929,1,1
1.0,1,1
1.0,1,1
1.0,1,1
1.0,1,1
1.0,1,1
0.99117506,1,0
1.0,1,1
1.0,1,1
0.9999976,1,1
0.9999995,1,1
0.9993461,1,1
0.9999354,1,1
0.9998221,1,1
1.0,1,1
0.9999994,1,1
0.99986696,1,1
0.97688216,1,1
0.9999981,1,1
0.9999944,1,1
1.0,1,1
1.0,1,1
0.99681324,1,1
0.99999785,1,1
0.9850551,1,1
0.99990535,1,1
0.99999976,1,1
0.9999716,1,1
0.99892515,1,0
0.9998035,1,1
0.9999746,1,1
1.0,1,1
0.99999976,1,1
0.9884304,1,1
1.0,1,1
0.99936634,1,0
1.0,1,1
1.0,1,1
0.9999988,1,1
0.99987125,1,1
0.9082576,1,1
1.0,1,1
0.99999607,1,1
0.9998055,1,1
0.9999958,1,1
0.9926099,1,1
0.9999528,1,1
0.9509385,1,1
0.96689636,1,1
1.0,1,1
0.9435132,1,1
0.9907323,1,1
1.0,1,1
0.97017044,1,1
1.0,1,1
1.0,1,1
1.0,1,1
0.99926883,1,1
0.99988186,1,1
0.9848659,1,1
0.9679118,1,1
0.9833784,1,1
0.99999654,1,1
1.0,1,1
0.99999905,1,1
1.0,1,1
0.9999298,1,1
0.9989893,1,1
0.98863155,1,1
0.99476033,1,1
0.9999994,1,1
0.99998534,1,1
0.9729624,1,1
0.79863304,1,0
1.0,1,1
0.97775686,1,0
0.99998915,1,1
0.99999416,1,1
0.9999614,1,1
1.0,1,1
1.0,1,1
0.99989724,1,0
0.9969202,1,1
1.0,1,1
1.0,1,1
0.9999995,1,1
0.9912669,1,0
1.0,1,1
0.9998852,1,1
0.9874724,1,1
0.9999956,1,1
0.9270723,1,1
0.9998863,1,1
0.999995,1,1
1.0,1,1
0.99997294,1,1
0.9854556,1,0
0.8912303,1,0
0.99999845,1,1
0.9999994,1,1
0.9998884,1,1
1.0,1,1
1.0,1,1
0.99983346,1,1
0.9999976,1,1
0.99975926,1,1
0.7717374,1,0
0.9104534,1,1
1.0,1,1
1.0,1,1
1.0,1,1
0.98246425,1,0
1.0,1,1
1.0,1,1
1.0,1,1
0.9731801,1,1
0.99998784,1,1
0.9988366,1,1
0.99999,1,1
0.99993443,1,1
0.9999716,1,1
0.9999989,1,1
1.0,1,1
0.9543612,1,1
0.99921715,1,1
1.0,1,1
1.0,1,1
1.0,1,1
0.9999995,1,1
0.99839574,1,1
1.0,1,1
0.9768594,1,0
0.9999995,1,1
0.9999937,1,1
0.99365497,1,1
0.9999995,1,1
0.9999995,1,1
0.9964414,1,1
0.99998903,1,1
0.9999683,1,1
0.9992347,1,1
1.0,1,1
0.998777,1,1
0.89664334,1,1
0.9999908,1,1
0.9999281,1,1
1.0,1,1
0.99999964,1,1
0.98925835,1,1
1.0,1,1
1.0,1,1
1.0,1,1
1.0,1,1
0.9999999,1,1
1.0,1,1
0.99610496,1,0
0.9895873,1,0
0.9926082,1,1
1.0,1,1
1.0,1,1
0.99999666,1,1
1.0,1,1
0.91256654,1,0
0.99997044,1,1
0.99974245,1,1
1.0,1,1
0.99999535,1,1
0.9999527,1,1
0.9967926,1,1
0.99844813,1,1
0.9852941,1,1
0.9992403,1,1
1.0,1,1
0.96919686,1,1
0.98994386,1,0
0.99999666,1,1
0.99999976,1,1
0.99926585,1,1
0.97010976,1,1
0.99999785,1,1
1.0,1,1
0.9777999,1,1
0.999005,1,1
0.99999976,1,1
0.9999999,1,1
0.999005,1,1
0.9999887,1,1
1.0,1,1
1.0,1,1
1.0,1,1
0.9999999,1,1
0.9994742,1,1
0.99992156,1,1
0.9995461,1,1
0.94905585,1,1
0.99552023,1,1
0.9999933,1,1
0.98782176,1,1
1.0,1,1
0.9944723,1,1
0.99535674,1,0
0.9992353,1,1
0.9999937,1,1
0.9999769,1,1
0.9999995,1,1
0.9988991,1,1
0.9497813,1,0
0.9661606,1,1
0.9999858,1,1
0.9994574,1,1
1.0,1,1
1.0,1,1
1.0,1,1
1.0,1,1
0.99996233,1,1
0.9999498,1,0
1.0,1,1
0.99968445,1,1
0.9999449,1,1
0.999926,1,1
1.0,1,1
0.98664176,1,0
0.96991146,1,1
0.9999633,1,1
0.99983644,1,1
0.98517203,1,1
0.99996054,1,1
0.9903184,1,1
1.0,1,1
0.9999969,1,1
0.99997985,1,1
1.0,1,1
1.0,1,1
0.9999895,1,1
0.9997148,1,1
1.0,1,1
1.0,1,1
1.0,1,1
0.9999995,1,1
1.0,1,1
0.99964035,1,1
1.0,1,1
1.0,1,1
0.9999031,1,1
0.99999595,1,1
1.0,1,1
0.99865913,1,1
0.9999653,1,1
0.9999993,1,1
0.99999905,1,1
1.0,1,1
1.0,1,1
0.92125136,1,1
0.98878443,1,0
0.9999757,1,1
1.0,1,1
0.99994576,1,1
0.99597627,1,1
0.96264535,1,0
1.0,1,1
0.9999304,1,1
1.0,1,1
1.0,1,1
0.88446647,1,1
1.0,1,1
0.99999917,1,1
1.0,1,1
0.9998011,1,1
0.9999869,1,1
0.9999926,1,1
1.0,1,1
0.9883647,1,1
0.99998736,1,1
0.98475444,1,1
0.050646797,0,0
0.9480622,1,1
0.99090225,1,1
1.0,1,1
1.0,1,1
0.9999989,1,1
0.9999989,1,1
1.0,1,1
1.0,1,1
0.99591273,1,0
0.9997539,1,1
0.99999845,1,1
1.0,1,1
0.9933183,1,0
0.9637605,1,1
0.9998766,1,1
0.9999995,1,1
0.9006198,1,0
1.0,1,1
0.99999964,1,1
1.0,1,1
0.9999883,1,1
0.9999554,1,1
1.0,1,1
0.97578067,1,1
0.8670247,1,0
1.0,1,1
0.99993336,1,1
0.9999652,1,1
0.9999974,1,1
0.9999993,1,1
1.0,1,1
1.0,1,1
0.9945245,1,1
0.9494747,1,1
0.9987877,1,1
1.0,1,1
0.9999999,1,1
0.9934182,1,0
0.9999443,1,1
0.99999964,1,1
0.9999999,1,1
0.92626995,1,0
0.9998561,1,1
0.9999999,1,1
0.9996086,1,1
1.0,1,1
0.99804604,1,1
0.997174,1,1
1.0,1,1
0.99999976,1,1
0.99999976,1,1
0.9999355,1,1
1.0,1,1
0.9725562,1,1
1.0,1,1
0.99999976,1,1
0.9541042,1,1
0.9085781,1,1
0.9743925,1,0
0.99982256,1,1
0.9987828,1,1
0.999713,1,1
0.99865085,1,1
0.89211345,1,1
1.0,1,1
1.0,1,1
1.0,1,1
0.95329714,1,1
0.99996173,1,1
0.9999802,1,1
0.999992,1,1
0.9999999,1,1
1.0,1,1
0.9993185,1,1
1.0,1,1
0.9961694,1,1
0.9997173,1,1
0.99999964,1,1
0.9986959,1,1
0.99999833,1,1
1.0,1,1
0.9999924,1,1
0.9698169,1,1
0.99988484,1,1
0.99997926,1,1
1.0,1,1
0.9350704,1,1
1.0,1,1
0.92905235,1,0
0.9915918,1,1
0.9999815,1,1
1.0,1,1
0.99999917,1,1
0.9999994,1,1
0.9999969,1,1
1.0,1,1
0.9950832,1,1
1.0,1,1
0.9996146,1,1
1.0,1,1
0.999997,1,1
1.0,1,1
0.9475944,1,1
0.9999999,1,1
0.9999989,1,1
0.83715516,1,1
0.9447384,1,1
1.0,1,1
1.0,1,1
1.0,1,1
0.9997491,1,1
0.99896336,1,1
0.99961215,1,1
0.9517717,1,0
0.9989574,1,1
0.9884892,1,0
1.0,1,1
0.9859541,1,0
0.99953985,1,1
0.99859816,1,1
0.99999595,1,1
0.9999993,1,1
1.0,1,1
1.0,1,1
0.99999714,1,1
0.9924481,1,1
1.0,1,1
0.9563395,1,1
0.9999989,1,1
0.9999404,1,1
1.0,1,1
0.9996952,1,1
0.99999905,1,1
0.8230613,1,0
0.9309566,1,1
0.9999995,1,1
0.99999964,1,1
0.9982109,1,1
0.99999475,1,1
0.99869674,1,1
0.98427826,1,0
0.9999993,1,1
0.99999976,1,1
1.0,1,1
0.9999995,1,1
0.9999994,1,1
0.9890048,1,1
1.0,1,1
1.0,1,1
0.99162346,1,1
1.0,1,1
0.9999995,1,1
0.9999918,1,1
0.99960655,1,1
0.99886215,1,0
0.9999999,1,1
0.99997246,1,1
0.991417,1,1
0.97332346,1,0
0.92486286,1,1
0.9999993,1,1
0.9992213,1,1
1.0,1,1
0.99999964,1,1
1.0,1,1
0.9998228,1,1
1.0,1,1
0.99945706,1,0
0.9935241,1,1
0.9999944,1,1
0.99985015,1,1
0.99616206,1,0
1.0,1,1
0.98382723,1,1
1.0,1,1
0.99937844,1,0
0.9935703,1,1
0.9999951,1,1
0.99999976,1,1
0.99999976,1,1
0.9999932,1,1
0.9999968,1,1
0.9999999,1,1
1.0,1,1
0.917186,1,1
0.987973,1,1
1.0,1,1
0.9999999,1,1
1.0,1,1
0.960397,1,1
1.0,1,1
0.99635017,1,1
0.99998045,1,1
0.99635845,1,1
0.87159604,1,0
0.9999821,1,1
0.99982846,1,1
0.9999994,1,1
0.9989268,1,1
1.0,1,1
0.99999475,1,1
0.999997,1,1
0.9982632,1,1
1.0,1,1
0.99998224,1,1
0.9999999,1,1
0.9999645,1,1
0.99999213,1,1
0.98557496,1,1
1.0,1,1
0.99999785,1,1
0.99999976,1,1
0.9994431,1,1
0.999892,1,1
0.9999957,1,1
0.99999917,1,1
0.9999559,1,1
1.0,1,1
0.9999403,1,1
0.99999833,1,1
0.99999905,1,1
1.0,1,1
1.0,1,1
0.99790156,1,1
0.9622062,1,1
1.0,1,1
1.0,1,1
1.0,1,1
0.99999964,1,1
0.9999926,1,1
0.99999666,1,1
0.9916332,1,1
0.99193364,1,0
0.9999956,1,1
0.88744354,1,1
0.9856968,1,0
0.9999999,1,1
0.9874292,1,0
0.9999784,1,1
0.9730805,1,0
0.77042866,1,0
0.9999999,1,1
1.0,1,1
0.99999595,1,1
0.9999964,1,1
1.0,1,1
0.99834585,1,1
1.0,1,1
0.9999999,1,1
1.0,1,1
0.9748139,1,0
0.9557663,1,1
0.9412549,1,1
0.9999982,1,1
1.0,1,1
0.99971896,1,1
0.9999422,1,1
0.9736399,1,0
0.9999584,1,1
0.95668936,1,1
0.99949896,1,1
0.9264351,1,1
1.0,1,1
0.9999999,1,1
0.9999976,1,1
0.9983681,1,1
0.99650025,1,0
0.9996681,1,1
0.99564916,1,1
0.9995931,1,1
0.9999993,1,1
0.99999905,1,1
0.9963684,1,1
0.9829049,1,1
0.9755686,1,0
0.99999857,1,1
0.9872959,1,1
0.9999865,1,1
0.92088556,1,0
0.9999981,1,1
1.0,1,1
0.9996598,1,1
0.987007,1,0
1.0,1,1
0.99998665,1,0
1.0,1,1
0.9999125,1,1
0.9938731,1,1
0.9999987,1,1
1.0,1,1
0.98298645,1,1
0.9994698,1,1
0.9998839,1,1
0.9817098,1,1
0.99998736,1,1
0.9999995,1,1
1.0,1,1
0.9999604,1,1
0.99673367,1,1
0.99970704,1,1
1.0,1,1
0.9895626,1,1
0.99998665,1,1
1.0,1,1
0.99999905,1,1
0.9979254,1,1
0.9982899,1,0
1.0,1,1
0.97687656,1,1
0.9764846,1,1
0.99687946,1,1
0.99474865,1,1
1.0,1,1
0.99999964,1,1
0.9998884,1,1
0.9814332,1,1
0.97866493,1,1
0.9606312,1,1
0.9994604,1,1
0.99996567,1,1
0.9999429,1,1
0.9975795,1,1
0.9999995,1,1
0.99994135,1,1
0.9999504,1,1
0.99999,1,1
0.99997747,1,1
0.9999999,1,1
0.9920304,1,1
0.997801,1,1
0.8480662,1,1
0.99226636,1,0
0.99999964,1,1
1.0,1,1
0.99895203,1,1
0.99997663,1,1
0.99930024,1,1
0.9999585,1,1
0.9999999,1,1
1.0,1,1
0.99443406,1,0
0.99798715,1,1
0.9990513,1,1
0.99999535,1,1
0.9969517,1,1
0.96269614,1,0
0.99975103,1,1
0.97187513,1,0
0.9998888,1,1
1.0,1,1
0.9639378,1,1
0.9999999,1,1
0.99894065,1,1
1.0,1,1
0.99996877,1,1
0.9585164,1,1
0.99988294,1,1
0.9999933,1,1
0.99999666,1,1
0.9893225,1,0
0.9459705,1,1
0.99999964,1,1
0.9999856,1,1
0.9029569,1,1
0.9939884,1,1
0.9178673,1,0
0.97877216,1,1
0.99931693,1,1
0.99669844,1,1
0.9671495,1,0
0.99999976,1,1
0.9999993,1,1
0.9967259,1,0
0.9999968,1,1
0.99999976,1,1
0.99999976,1,1
1.0,1,1
0.9999316,1,1
0.9697835,1,1
1.0,1,1
0.97810704,1,0
0.9999999,1,1
0.9999043,1,0
0.9911505,1,1
1.0,1,1
0.9645534,1,1
0.99125975,1,1
0.9995271,1,1
0.94013834,1,0
0.9999993,1,1
0.99999046,1,1
0.9816589,1,0
0.9972932,1,1
1.0,1,1
0.9999417,1,1
1.0,1,1
0.99999976,1,1
0.99999154,1,1
0.94912535,1,0
1.0,1,1
0.99997747,1,1
0.99999964,1,1
0.998085,1,1
0.9999999,1,1
0.9983992,1,1
0.9720704,1,0
0.9999999,1,1
0.9999727,1,1
0.9994388,1,1
0.99998546,1,1
0.96984035,1,0
0.9999939,1,1
0.9980171,1,1
0.9990069,1,0
0.9958657,1,0
1.0,1,1
0.9999579,1,1
0.99661165,1,1
0.99630547,1,0
0.95634764,1,1
0.99999964,1,1
0.9809403,1,1
0.8538266,1,1
0.94190896,1,0
0.9999951,1,1
0.9881257,1,1
1.0,1,1
0.9999925,1,1
0.99770653,1,0
0.9999987,1,1
0.9612332,1,0
